Time,State,Altitude,ADXL_Acceleration_X,ADXL_Acceleration_Y,ADXL_Acceleration_Z,IMU_Acceleration_X,IMU_Acceleration_Y,IMU_Acceleration_Z,Linear_Acceleration_X,Linear_Acceleration_Y,Linear_Acceleration_Z,Euler_Angle_X,Euler_Angle_Y,Euler_Angle_Z,Gravity_X,Gravity_Y,Gravity_Z,Kalman_Acceleration,Kalman_Velocity,Kalman_Altitude,Orientation(Beta)
5.0742,GROUND,-0.1875,0.0000,9.6497,0.0000,-0.0400,9.2500,0.4400,0.0000,-0.5900,-0.0300,359.8750,-0.3750,-86.8750,-0.0700,9.7900,0.5200,-6.3609,-7.9882,-0.8645,0.6250
5.1108,GROUND,1.0000,0.0000,9.6890,0.0000,-0.0800,9.2100,0.4600,0.0000,-0.5700,-0.0600,359.8750,-0.3750,-86.8750,-0.0700,9.7900,0.5200,-8.4450,-8.3069,0.2685,0.6250
5.1475,GROUND,0.0000,0.0000,9.7282,0.0000,-0.0800,9.1900,0.5000,-0.0200,-0.6100,-0.0700,359.8750,-0.3750,-86.8750,-0.0700,9.7900,0.5200,-9.2844,-8.6719,-0.0139,0.6250
5.1830,GROUND,0.1875,0.0000,9.6890,-0.0392,-0.0800,9.2000,0.4800,-0.0100,-0.5800,-0.0400,359.8750,-0.3750,-86.8750,-0.0700,9.7900,0.5200,-9.6311,-8.9574,-0.0034,0.6250
5.2172,GROUND,0.7500,0.0392,9.6890,0.0000,-0.0700,9.2100,0.4500,0.0000,-0.5800,-0.0300,359.8750,-0.3750,-86.8750,-0.0700,9.7900,0.5200,-9.7393,-9.1863,0.3411,0.6250
5.2526,GROUND,-0.1875,0.0000,9.6890,0.0000,-0.0800,9.1900,0.4600,-0.0100,-0.5900,-0.0500,359.8750,-0.3750,-86.8750,-0.0700,9.7900,0.5200,-9.7810,-9.5639,-0.1154,0.6250
5.2890,GROUND,0.0000,0.0000,9.6890,0.0392,-0.0800,9.2100,0.5100,0.0000,-0.5700,-0.0100,359.8750,-0.3750,-86.8750,-0.0700,9.7900,0.5200,-9.7725,-9.8492,-0.1779,0.6250
5.3253,GROUND,0.1875,0.0000,9.6890,0.0000,-0.0900,9.1900,0.4500,-0.0100,-0.5400,-0.0300,359.8750,-0.3750,-86.8750,-0.0700,9.7900,0.5200,-9.7935,-10.0785,-0.0871,0.6250
5.3612,GROUND,-0.9375,0.0000,9.6890,0.0000,-0.0700,9.1900,0.4600,0.0000,-0.5900,-0.0600,359.8750,-0.3750,-86.8750,-0.0700,9.7900,0.5200,-9.8017,-10.5223,-0.7557,0.6250
5.3971,GROUND,-0.1250,0.0000,9.7282,-0.0392,-0.0600,9.1700,0.4800,-0.0100,-0.5300,-0.0200,359.8750,-0.3750,-86.8750,-0.0700,9.7900,0.5200,-9.8289,-10.6614,-0.5056,0.6250
5.4323,GROUND,-0.6250,0.0000,9.6497,0.0000,-0.1000,9.2500,0.5000,-0.0200,-0.5400,-0.0100,359.8750,-0.3750,-86.8750,-0.0700,9.7900,0.5200,-9.8151,-10.9406,-0.7187,0.6250
5.4664,GROUND,-2.1875,0.0000,9.6497,0.0392,-0.0500,9.2400,0.4500,0.0100,-0.5300,-0.0100,359.8750,-0.3750,-86.8750,-0.0700,9.7900,0.5200,-9.7858,-11.5537,-1.7851,0.6250
5.5025,GROUND,-0.3125,0.0000,9.6497,-0.0392,-0.0600,9.2600,0.4900,0.0000,-0.5200,-0.0300,359.8750,-0.3750,-86.8750,-0.0700,9.7900,0.5200,-9.8226,-11.4068,-1.0271,0.6250
5.5389,GROUND,-0.3750,0.0000,9.6890,0.0392,-0.0800,9.2400,0.5000,0.0000,-0.5600,-0.0200,359.8750,-0.3750,-86.8750,-0.0700,9.7900,0.5200,-9.7883,-11.4591,-0.7820,0.6250
5.5761,GROUND,-1.2500,0.0000,9.7282,0.0000,-0.0900,9.2300,0.4700,-0.0200,-0.5600,-0.0400,359.8750,-0.3750,-86.8750,-0.0700,9.7900,0.5200,-9.7997,-11.8264,-1.2314,0.6250
5.6121,GROUND,-0.6250,-0.0392,9.6890,0.0000,-0.0600,9.2100,0.4700,0.0000,-0.5700,-0.0500,359.8750,-0.3750,-86.8750,-0.0700,9.7900,0.5200,-9.8038,-11.8510,-1.0161,0.6250
5.6484,GROUND,-0.1875,0.0000,9.6890,-0.0392,-0.0800,9.2300,0.4800,0.0000,-0.5400,0.0000,359.8750,-0.3750,-86.8750,-0.0700,9.7900,0.5200,-9.8296,-11.7861,-0.6592,0.6250
5.6840,GROUND,-1.3125,0.0000,9.7282,-0.0392,-0.0700,9.2200,0.4900,0.0000,-0.5600,-0.0300,359.8750,-0.3750,-86.8750,-0.0700,9.7900,0.5200,-9.8397,-12.2050,-1.2212,0.6250
5.7183,GROUND,-0.0625,0.0000,9.7282,0.0000,-0.0800,9.2200,0.4500,-0.0200,-0.5500,-0.0500,359.8750,-8.3750,-86.8750,-0.0700,9.7900,0.5200,-9.8191,-11.9895,-0.6593,0.6250
5.7535,GROUND,-0.8750,0.0392,9.6890,0.0000,-0.0700,9.1800,0.5100,0.0000,-0.6000,0.0000,359.8750,-0.3750,-86.8750,-0.0700,9.7900,0.5200,-9.8114,-12.2601,-0.9582,0.6250
5.7894,GROUND,0.3750,0.0000,9.6497,0.0000,-0.0900,9.2300,0.4700,0.0000,-0.5700,-0.0300,359.8750,-0.3750,-86.8750,-0.0700,9.7900,0.5200,-9.8082,-11.9281,-0.2871,0.6250
5.8246,GROUND,0.8125,0.0000,9.6890,-0.0392,-0.0600,9.2200,0.4900,0.0000,-0.5600,-0.0200,359.8750,-0.3750,-86.8750,-0.0700,9.7900,0.5200,-9.8313,-11.6671,0.2384,0.6250
5.8609,GROUND,-1.6250,-0.0392,9.6890,0.0392,-0.0900,9.1900,0.4800,-0.0200,-0.5900,-0.0300,359.8750,-0.3750,-86.8750,-0.0700,9.7900,0.5200,-9.7920,-12.6145,-1.0890,0.6250
5.8970,GROUND,-2.3125,0.0000,9.6497,0.0392,-0.0800,9.1900,0.4700,0.0000,-0.5900,-0.0400,359.8750,-0.3750,-86.8750,-0.0700,9.7900,0.5200,-9.7769,-13.2893,-2.0271,0.6250
5.9327,GROUND,-0.7500,0.0392,9.6890,0.0000,-0.0800,9.2500,0.5100,0.0000,-0.5400,0.0000,359.8750,-0.3750,-86.8750,-0.0700,9.7900,0.5200,-9.7951,-12.8964,-1.3947,0.6250
5.9662,GROUND,-1.4375,0.0392,9.6890,0.0392,-0.0900,9.1900,0.4300,-0.0100,-0.5900,-0.0900,359.8750,-0.3750,-86.8750,-0.0700,9.7900,0.5200,-9.7779,-13.0604,-1.5980,0.6250
6.0025,GROUND,0.1250,0.0000,9.6497,0.0000,-0.0700,9.2700,0.5100,0.0000,-0.5200,-0.0100,359.8750,-0.3750,-86.8750,-0.0700,9.7900,0.5200,-9.7954,-12.4092,-0.6937,0.6250
6.0385,GROUND,-1.9375,0.0392,9.6890,-0.0392,-0.0700,9.2100,0.4800,0.0000,-0.5900,0.0000,359.8750,-0.3750,-86.8750,-0.0700,9.7900,0.5200,-9.8267,-13.1397,-1.6477,0.6250
6.0754,GROUND,-1.3750,0.0000,9.6890,0.0000,-0.0700,9.2200,0.5000,0.0000,-0.5600,-0.0100,359.8750,-0.3750,-86.8750,-0.0700,9.7900,0.5200,-9.8142,-13.1323,-1.6572,0.6250
6.1119,GROUND,0.5000,0.0000,9.6497,0.0000,-0.0700,9.2300,0.4700,0.0000,-0.5600,-0.0400,359.8750,-0.3750,-86.8750,-0.0700,9.7900,0.5200,-9.8091,-12.2037,-0.4790,0.6250
6.1480,GROUND,-1.2500,0.0000,9.6890,0.0392,-0.0400,9.2300,0.4500,0.0000,-0.5600,0.0000,359.8750,-0.3750,-86.8750,-0.0700,9.7900,0.5200,-9.7834,-12.7128,-1.1265,0.6250
6.1833,GROUND,-1.1875,0.0000,9.6890,0.0392,-0.0800,9.2600,0.4900,-0.0100,-0.5300,-0.0300,359.8750,-0.3750,-86.8750,-0.0700,9.7900,0.5200,-9.7735,-12.8628,-1.3178,0.6250
6.2152,GROUND,0.1875,0.0392,9.6890,0.0000,-0.0700,9.2300,0.4800,0.0000,-0.5500,-0.0300,359.8750,-0.3750,-86.8750,-0.0700,9.7900,0.5200,-9.7937,-12.2395,-0.5458,0.6250
6.2511,GROUND,-2.3125,0.0000,9.7282,0.0000,-0.0700,9.2600,0.4900,0.0000,-0.5600,-0.0300,359.8750,-0.3750,-86.8750,-0.0700,9.7900,0.5200,-9.8019,-13.2591,-1.8209,0.6250
6.2869,GROUND,0.3125,0.0000,9.6890,0.0000,-0.0600,9.2300,0.4800,0.0000,-0.5500,-0.0400,359.8750,-0.3750,-86.8750,-0.0700,9.7900,0.5200,-9.8045,-12.2766,-0.6535,0.6250
6.3218,GROUND,-1.7500,0.0392,9.6890,0.0000,-0.0900,9.2100,0.4700,-0.0100,-0.5700,-0.0500,359.8750,-0.3750,-86.8750,-0.0700,9.7900,0.5200,-9.8059,-12.9673,-1.5089,0.6250
6.3576,GROUND,-1.4375,0.0000,9.6890,0.0000,-0.0700,9.1800,0.4700,0.0000,-0.6000,-0.0500,359.8750,-0.3750,-86.8750,-0.0700,9.7900,0.5200,-9.8063,-13.0312,-1.6390,0.6250
6.3935,GROUND,-0.6875,0.0000,9.7674,0.0000,-0.0800,9.1900,0.4600,0.0000,-0.5900,-0.0500,359.8750,-0.3750,-86.8750,-0.0700,9.7900,0.5200,-9.8063,-12.6220,-1.2139,0.6250
6.4290,GROUND,-0.6250,0.0000,9.6890,0.0000,-0.0800,9.2100,0.4800,0.0000,-0.5800,-0.0300,359.8750,-0.3750,-86.8750,-0.0700,9.7900,0.5200,-9.8064,-12.4110,-1.0108,0.6250
6.4644,GROUND,-0.5000,0.0000,9.6890,-0.0392,-0.0500,9.2000,0.4800,0.0100,-0.5800,-0.0400,359.8750,-0.3750,-86.8750,-0.0700,9.7900,0.5200,-9.8306,-12.2380,-0.8576,0.6250
6.5007,GROUND,-0.8750,0.0392,9.7282,0.0000,-0.0800,9.2300,0.4900,-0.0100,-0.5700,-0.0400,359.8750,-0.3750,-86.8750,-0.0700,9.7900,0.5200,-9.8157,-12.3535,-1.0385,0.6250
6.5377,GROUND,0.3750,0.0000,9.6497,0.0000,-0.0900,9.1800,0.4800,-0.0200,-0.6000,-0.0400,359.8750,-0.3750,-86.8750,-0.0700,9.7900,0.5200,-9.8099,-11.6773,-0.3111,0.6250
6.5729,GROUND,-1.3125,0.0000,9.6890,0.0000,-0.0800,9.2400,0.4700,-0.0100,-0.5400,-0.0500,359.8750,-0.3750,-86.8750,-0.0700,9.7900,0.5200,-9.8080,-12.3529,-1.1012,0.6250
6.6092,GROUND,0.0000,0.0000,9.6497,0.0000,-0.0800,9.2100,0.4900,-0.0200,-0.5300,-0.0600,359.8750,-0.3750,-86.8750,-0.0700,9.7900,0.5200,-9.8069,-11.8364,-0.5726,0.6250
6.6449,GROUND,-0.0625,0.0392,9.6890,0.0000,-0.0700,9.2300,0.4900,0.0000,-0.5500,-0.0200,359.8750,-0.3750,-86.8750,-0.0700,9.7900,0.5200,-9.8066,-11.6561,-0.4119,0.6250
6.6811,GROUND,0.0000,0.0392,9.6497,-0.0392,-0.0600,9.2100,0.4800,0.0100,-0.5600,0.0000,359.8750,-0.3750,-86.8750,-0.0700,9.7900,0.5200,-9.8308,-11.5370,-0.3065,0.6250
6.7163,GROUND,-0.4375,0.0000,9.7282,0.0000,-0.0600,9.2600,0.4800,0.0000,-0.5300,-0.0400,359.8750,-0.3750,-86.8750,-0.0700,9.7900,0.5200,-9.8158,-11.7254,-0.5463,0.6250
6.7529,GROUND,0.0000,0.0392,9.6890,0.0000,-0.0700,9.2300,0.5000,0.0000,-0.5500,-0.0200,359.8750,-0.3750,-86.8750,-0.0700,9.7900,0.5200,-9.8100,-11.5208,-0.3592,0.6250
6.7883,GROUND,0.1250,0.0000,9.6497,0.0000,-0.0700,9.2700,0.4800,0.0000,-0.5200,-0.0300,359.8750,-0.3750,-86.8750,-0.0700,9.7900,0.5200,-9.8078,-11.3626,-0.2023,0.6250
6.8225,GROUND,-2.0000,0.0000,9.6497,0.0392,-0.0600,9.2600,0.4800,0.0000,-0.5200,-0.0100,359.8750,-0.3750,-86.8750,-0.0700,9.7900,0.5200,-9.7830,-12.4922,-1.4847,0.6250
6.8576,GROUND,-0.8125,0.0000,9.7674,0.0392,-0.0600,9.2600,0.4800,0.0100,-0.5300,-0.0400,359.8750,-0.3750,-86.8750,-0.0700,9.7900,0.5200,-9.7732,-12.1924,-1.2300,0.6250
6.8940,GROUND,-0.4375,0.0392,9.7282,0.0000,-0.1000,9.2000,0.4700,-0.0200,-0.5800,-0.0500,359.8750,-0.3750,-86.8750,-0.0700,9.7900,0.5200,-9.7937,-11.8229,-0.8948,0.6250
6.9300,GROUND,0.2500,0.0392,9.7282,0.0000,-0.0800,9.2200,0.4800,0.0000,-0.5600,-0.0400,359.8750,-0.3750,-86.8750,-0.0700,9.7900,0.5200,-9.8015,-11.2528,-0.3320,0.6250
6.9659,GROUND,-1.3750,0.0000,9.6890,0.0000,-0.0600,9.2000,0.4400,0.0100,-0.5800,-0.0800,359.8750,-0.3750,-86.8750,-0.0700,9.7900,0.5200,-9.8048,-11.9777,-1.1425,0.6250
7.0019,GROUND,-0.3125,0.0392,9.6497,0.0000,-0.0600,9.2000,0.4700,-0.0100,-0.5700,-0.0200,359.8750,-0.3750,-86.8750,-0.0700,9.7900,0.5200,-9.8057,-11.5833,-0.7806,0.6250
7.0380,GROUND,-0.6875,0.0392,9.6890,0.0392,-0.0700,9.2100,0.5000,0.0000,-0.5700,-0.0100,359.8750,-0.3750,-86.8750,-0.0700,9.7900,0.5200,-9.7820,-11.6339,-0.8721,0.6250
7.0727,GROUND,-1.3125,0.0000,9.7282,0.0000,-0.0700,9.2300,0.4600,0.0000,-0.5600,-0.0300,359.8750,-0.3750,-86.8750,-0.0700,9.7900,0.5200,-9.7972,-11.9954,-1.3070,0.6250
7.1088,GROUND,-0.9375,0.0000,9.7282,-0.0392,-0.0800,9.2200,0.4700,-0.0100,-0.5600,-0.0500,359.8750,-0.3750,-86.8750,-0.0700,9.7900,0.5200,-9.8272,-11.8680,-1.2378,0.6250
7.1453,GROUND,0.5000,0.0000,9.6890,0.0000,-0.0700,9.2400,0.5300,0.0000,-0.5500,0.0000,359.8750,-0.3750,-86.8750,-0.0700,9.7900,0.5200,-9.8142,-10.9277,-0.3012,0.6250
7.1813,GROUND,0.5625,0.0000,9.6497,-0.0392,-0.0700,9.2600,0.4800,-0.0200,-0.5300,-0.0100,359.8750,-0.3750,-86.8750,-0.0700,9.7900,0.5200,-9.8336,-10.5334,0.0982,0.6250
7.2169,GROUND,0.2500,0.0000,9.6890,0.0000,-0.0600,9.2700,0.4900,0.0100,-0.5100,-0.0300,359.8750,-0.3750,-86.8750,-0.0700,9.7900,0.5200,-9.8169,-10.5669,0.0504,0.6250
7.2532,GROUND,-1.8750,0.0392,9.6890,0.0392,-0.0800,9.2600,0.4800,-0.0100,-0.5800,-0.0300,359.8750,-0.3750,-86.8750,-0.0700,9.7900,0.5200,-9.7865,-11.8339,-1.3062,0.6250
7.2888,GROUND,-0.8125,0.0000,9.6890,0.0000,-0.0700,9.2500,0.5000,0.0000,-0.5400,-0.0200,359.8750,-0.3750,-86.8750,-0.0700,9.7900,0.5200,-9.7988,-11.6457,-1.1464,0.6250
7.3229,GROUND,-1.3125,0.0000,9.6890,0.0000,-0.0700,9.2100,0.5100,0.0000,-0.5700,-0.0500,359.8750,-0.3750,-86.8750,-0.0700,9.7900,0.5200,-9.8036,-11.8447,-1.4051,0.6250
7.3581,GROUND,-1.0625,0.0000,9.6890,-0.0392,-0.0600,9.2300,0.4800,0.0100,-0.5500,-0.0400,359.8750,-0.3750,-86.8750,-0.0700,9.7900,0.5200,-9.8296,-11.7357,-1.3490,0.6250
7.3943,GROUND,-0.8750,0.0392,9.6890,0.0000,-0.0700,9.2300,0.4900,0.0000,-0.5600,0.0000,359.8750,-0.3750,-86.8750,-0.0700,9.7900,0.5200,-9.8153,-11.5476,-1.2079,0.6250
7.4303,GROUND,-1.6250,0.0000,9.6890,0.0000,-0.0600,9.2500,0.4500,0.0000,-0.5400,-0.0700,359.8750,-0.3750,-86.8750,-0.0700,9.7900,0.5200,-9.8100,-11.8995,-1.6296,0.6250
7.4669,GROUND,0.2500,0.0392,9.6890,0.0000,-0.0600,9.2200,0.4600,0.0000,-0.5600,-0.0500,359.8750,-0.3750,-86.8750,-0.0700,9.7900,0.5200,-9.8076,-10.8403,-0.6055,0.6250
7.5035,GROUND,-0.5625,0.0392,9.7282,0.0000,-0.0800,9.2400,0.4900,-0.0100,-0.5800,-0.0300,359.8750,-0.3750,-86.8750,-0.0700,9.7900,0.5200,-9.8069,-10.9282,-0.7216,0.6250
7.5388,GROUND,-2.5000,0.0000,9.6890,0.0000,-0.0900,9.1900,0.4700,-0.0100,-0.5900,-0.0400,359.8750,-0.3750,-86.8750,-0.0700,9.7900,0.5200,-9.8069,-12.0798,-1.9829,0.6250
7.5731,GROUND,-0.1875,0.0000,9.7282,0.0000,-0.0700,9.1800,0.4700,0.0000,-0.5900,-0.0200,359.8750,-0.3750,-86.8750,-0.0700,9.7900,0.5200,-9.8064,-11.0976,-1.0128,0.6250
7.6090,GROUND,-1.2500,0.0392,9.6497,-0.0392,-0.0800,9.1900,0.4700,0.0000,-0.5900,-0.0400,359.8750,-0.3750,-86.8750,-0.0700,9.7900,0.5200,-9.8308,-11.3499,-1.3136,0.6250
7.6453,GROUND,-2.1250,0.0000,9.6497,0.0000,-0.0800,9.1800,0.4700,0.0000,-0.5600,-0.0400,359.8750,-0.3750,-86.8750,-0.0700,9.7900,0.5200,-9.8159,-11.9422,-1.9779,0.6250
7.6811,GROUND,-1.1875,0.0000,9.6497,0.0000,-0.0700,9.2300,0.4600,0.0000,-0.5500,-0.0500,359.8750,-0.3750,-86.8750,-0.0700,9.7900,0.5200,-9.8100,-11.5479,-1.6420,0.6250
7.7177,GROUND,0.0000,0.0000,9.6497,0.0392,-0.0500,9.2500,0.4700,0.0100,-0.5300,-0.0400,359.8750,-0.3750,-86.8750,-0.0700,9.7900,0.5200,-9.7834,-10.6481,-0.7607,0.6250
7.7536,GROUND,0.6875,0.0000,9.7282,-0.0392,-0.0800,9.2400,0.4700,-0.0200,-0.5200,-0.0300,359.8750,-0.3750,-86.8750,-0.0700,9.7900,0.5200,-9.8217,-9.8939,0.0113,0.6250
7.7891,GROUND,-0.9375,0.0000,9.6890,0.0000,-0.0800,9.2400,0.4900,-0.0100,-0.5400,-0.0300,359.8750,-0.3750,-86.8750,-0.0700,9.7900,0.5200,-9.8125,-10.5737,-0.7097,0.6250
7.8222,GROUND,0.5625,0.0000,9.6890,0.0000,-0.0600,9.2400,0.4700,0.0100,-0.5400,-0.0500,359.8750,-0.3750,-86.8750,-0.0700,9.7900,0.5200,-9.8087,-9.9403,-0.0490,0.6250
7.8579,GROUND,-1.0000,0.0785,9.6497,0.1569,-0.0700,9.1700,0.6900,0.0000,-0.6100,0.1600,-1688.1250,-0.3750,-86.8750,-0.0700,9.7900,0.5200,-9.7105,-10.6368,-0.7797,0.6250
7.8929,GROUND,0.7500,0.0392,9.6497,0.0392,-0.0400,9.1900,0.6300,0.0200,-0.5900,0.1000,359.8750,-0.3750,-86.8750,-0.0700,9.7900,0.5200,-9.7454,-9.8518,0.0472,0.6250
7.9274,GROUND,-1.6250,-0.1177,9.7282,-0.1569,0.0200,9.2500,0.5000,0.0900,-0.5400,-0.0100,359.8750,-0.3750,-86.8750,-0.0700,9.7900,0.5200,-9.8804,-10.9880,-1.1390,0.6250
7.9628,GROUND,-0.5625,-0.0392,9.6890,-0.1177,-0.1800,9.2400,0.3600,-0.1000,-0.5500,-0.1600,359.8750,-0.3750,-86.8750,-0.0700,9.7900,0.5200,-9.9074,-10.7505,-0.9232,0.6250
7.9990,GROUND,0.5000,0.0000,9.6497,0.0392,-0.1300,9.2700,0.5100,-0.0600,-0.5200,-0.0100,359.9375,-0.3750,-86.8750,-0.0700,9.7900,0.5200,-9.8206,-9.9931,-0.1705,0.6250
8.0352,GROUND,-0.8125,0.0392,9.6890,0.0392,-0.0500,9.2700,0.4900,-0.0700,-0.6000,-0.0600,359.9375,-0.3750,-86.8750,-0.0700,9.7900,0.5200,-9.7878,-10.5085,-0.7069,0.6250
8.0702,GROUND,-1.5000,0.0392,9.6890,0.0000,0.0000,9.2300,0.4700,0.0700,-0.5600,-0.0500,359.9375,-0.3750,-86.8750,-0.0700,9.7900,0.5200,-9.7995,-11.1119,-1.3507,0.6250
8.1064,GROUND,-0.1250,-0.0392,9.7282,0.0000,0.0300,9.2600,0.5500,-0.0200,-0.5600,-0.1300,359.9375,-0.3750,-86.8750,-0.0700,9.7900,0.5200,-9.8037,-10.4774,-0.7237,0.6250
8.1416,GROUND,-1.0625,-0.0392,9.7674,0.0000,-0.1200,9.1600,0.6000,-0.0500,-0.6200,0.0800,359.9375,-0.3750,-86.8750,-0.0700,9.7900,0.5200,-9.8055,-10.7989,-1.0733,0.6250
8.1763,GROUND,-1.0625,0.0000,9.7282,-0.1177,-0.1100,9.2500,0.3800,0.0000,-0.5900,0.0400,359.9375,-0.3750,-86.8750,-0.0700,9.7900,0.5200,-9.8789,-10.9075,-1.2114,0.6250
8.2120,GROUND,-1.5000,0.0000,9.6890,-0.0785,-0.1200,9.2300,0.4200,-0.0500,-0.5600,-0.1000,359.9375,-0.3750,-86.8750,-0.0700,9.7900,0.5200,-9.8827,-11.1962,-1.5415,0.6250
8.2483,GROUND,-0.5625,0.0000,9.6890,0.0000,-0.0900,9.2300,0.4500,-0.0200,-0.5600,-0.0700,359.9375,-0.3750,-86.8750,-0.0700,9.7900,0.5200,-9.8355,-10.6989,-1.0748,0.6250
8.2844,GROUND,-2.1875,0.0000,9.6890,0.0392,-0.1100,9.1900,0.5100,-0.0500,-0.5700,-0.1000,359.9375,-0.3750,-86.8750,-0.0700,9.7900,0.5200,-9.7935,-11.4922,-1.9210,0.6250
8.3202,GROUND,0.2500,0.0000,9.6497,-0.0392,-0.0200,9.2000,0.6400,0.0400,-0.5800,0.1100,359.9375,-0.3750,-86.8750,-0.0700,9.7900,0.5200,-9.8255,-10.2559,-0.7056,0.6250
8.3565,GROUND,-1.6250,-0.0392,9.7282,-0.1569,0.0000,9.2200,0.5400,0.0200,-0.5800,0.1400,359.9375,-0.3750,-86.8750,-0.0700,9.7900,0.5200,-9.9109,-10.9421,-1.4236,0.6250
8.3921,GROUND,-1.3125,-0.0785,9.6890,-0.0785,-0.0100,9.2400,0.4500,0.0500,-0.5500,-0.0700,359.9375,-0.3750,-86.8750,-0.0700,9.7900,0.5200,-9.8949,-10.9896,-1.4939,0.6250
8.4262,GROUND,-0.6875,-0.0392,9.6105,0.0392,-0.2200,9.2400,0.5000,0.0000,-0.4600,-0.2100,359.9375,-0.3750,-86.8750,-0.0700,9.7900,0.5200,-9.8159,-10.6101,-1.1341,0.6250
8.4625,GROUND,0.0625,0.0392,9.6890,0.1177,-0.2400,9.2300,0.4700,-0.1800,-0.5500,-0.0400,359.8750,-0.3750,-86.8750,-0.0600,9.7900,0.5200,-9.7372,-9.9913,-0.5223,0.6250
8.4990,GROUND,-1.3125,0.0785,9.6497,0.0000,0.1500,9.2900,0.2800,0.2100,-0.4900,-0.2300,359.8750,-0.3125,-86.9375,-0.0600,9.7900,0.5200,-9.7802,-10.6041,-1.1570,0.5625
8.5350,GROUND,-0.3750,0.2354,9.7282,-0.1961,0.1700,9.2500,0.6200,0.2300,-0.5400,0.0900,359.8750,-0.3750,-86.8750,-0.0600,9.7900,0.5200,-9.9176,-10.2428,-0.8061,0.6250
8.5709,GROUND,-0.8125,-0.5099,9.6497,0.5492,0.2400,9.2500,-0.2400,0.3100,-0.5400,-0.7700,359.8750,-0.3750,-86.8750,-0.0600,9.7900,0.5200,-9.5096,-10.3655,-0.9487,0.6250
8.6069,GROUND,-0.8125,0.1177,9.7282,-0.3138,-0.0700,9.1800,0.5300,0.2300,-0.5800,-0.0500,359.8750,-0.3750,-86.8750,-0.0600,9.7900,0.5200,-9.8871,-10.4034,-0.9973,0.6250
8.6414,GROUND,0.1250,-0.5884,9.7282,0.1569,0.0400,9.3000,0.3800,0.1100,-0.4800,-0.1400,359.9375,-0.3750,-86.8750,-0.0600,9.7900,0.5200,-9.7402,-9.8705,-0.4218,0.6250
8.6752,GROUND,0.2500,0.1569,9.7282,0.0000,0.0000,9.3000,0.2300,0.0500,-0.4800,-0.2800,359.8750,-0.3750,-86.8750,-0.0600,9.7900,0.5200,-9.7811,-9.5977,-0.1318,0.6250
8.7114,GROUND,-0.9375,-0.0785,9.7674,-0.2354,-0.4900,9.1000,0.6600,-0.4200,-0.6800,0.1200,359.9375,-0.3750,-86.8750,-0.0600,9.7900,0.5300,-9.9424,-10.2347,-0.7722,0.6250
8.7480,GROUND,-1.0000,0.4315,9.7674,-0.2354,0.0000,9.1800,0.5600,0.1000,-0.4900,-0.3200,359.8750,-0.3750,-86.8750,-0.0600,9.7900,0.5200,-10.0040,-10.5036,-1.0543,0.6250
8.7840,GROUND,-1.1250,-0.2746,9.4928,0.4707,-0.0900,9.1800,0.5800,-0.0200,-0.6000,0.0500,359.8750,-0.3750,-86.8750,-0.0600,9.7900,0.5200,-9.5910,-10.6625,-1.2414,0.6250
8.8201,GROUND,-0.1875,0.0392,9.7282,-0.0392,-0.2400,9.1400,0.7300,-0.1800,-0.6500,0.2000,359.8750,-0.3750,-86.8750,-0.0600,9.7900,0.5300,-9.7483,-10.1349,-0.7170,0.6250
8.8554,GROUND,0.3125,0.0392,9.7674,-0.1961,0.0600,9.2100,0.3900,0.1300,-0.5700,-0.1300,359.8750,-0.3750,-86.8750,-0.0600,9.7900,0.5200,-9.9054,-9.6341,-0.2042,0.6250
8.8915,GROUND,-2.3750,0.0392,9.6497,-0.0392,0.0600,9.2400,0.3600,0.1300,-0.5500,-0.1600,359.8750,-0.3750,-86.8750,-0.0600,9.7900,0.5300,-9.8689,-11.0439,-1.6935,0.6250
8.9249,GROUND,-0.7500,-0.1177,9.6497,0.0785,-0.2100,9.1800,0.6600,-0.1400,-0.6000,0.1300,359.8750,-0.3750,-86.8750,-0.0600,9.7900,0.5300,-9.7817,-10.5683,-1.2523,0.6250
8.9623,GROUND,-2.2500,0.0000,9.7674,-0.3923,-0.1500,9.2400,0.0100,-0.0800,-0.5400,-0.5100,359.9375,-0.3750,-86.8750,-0.0600,9.7900,0.5300,-10.0397,-11.3047,-2.0265,0.6250
8.9985,GROUND,-2.0625,-0.2354,9.6497,-0.0785,-0.5000,9.2500,0.5400,-0.1600,-0.5600,-0.2000,359.9375,-0.3750,-86.8750,-0.0600,9.7900,0.5300,-9.9441,-11.4325,-2.2007,0.6250
9.0343,GROUND,-2.1875,-0.1177,9.6105,0.6669,-0.2800,9.1700,0.6300,-0.2200,-0.6100,0.1000,359.8750,-0.3125,-86.8750,-0.0500,9.7900,0.5200,-9.4469,-11.5156,-2.3471,0.6250
9.0706,GROUND,-0.7500,0.2354,9.7282,-0.3138,-0.0400,9.2900,0.1400,0.0000,-0.4900,-0.3500,359.8125,-0.1875,-87.0625,-0.0400,9.7900,0.5000,-9.8629,-10.6387,-1.4920,0.4375
9.1061,GROUND,0.0625,-0.0785,9.6497,0.1177,-0.4300,9.4900,0.1500,-0.4000,-0.2900,-0.3300,359.8750,-0.1250,-87.1250,-0.0200,9.7900,0.4700,-9.7552,-9.8426,-0.6468,0.3750
9.1399,GROUND,-1.0000,-0.5099,9.8066,0.3923,-0.6200,9.2000,1.0400,0.5400,-0.3400,-0.3900,0.1250,-0.0625,-87.3125,-0.0100,9.7900,0.4400,-9.5445,-10.1795,-0.9971,0.1875
9.1744,GROUND,0.5000,-0.0392,9.7674,0.7061,0.1300,9.3700,0.2300,0.1400,-0.4200,-0.1500,0.1875,0.0000,-87.6875,0.0000,9.7900,0.3600,-9.2699,-9.3797,-0.1908,-0.1875
9.2107,GROUND,0.1250,0.0000,9.8851,-0.0785,-0.0300,9.2800,0.1700,-0.0400,-0.5100,-0.0900,0.3125,0.0000,-88.4375,0.0000,9.8000,0.2600,-9.6500,-9.3191,-0.1169,-0.9375
9.2463,GROUND,0.0625,0.0392,9.6890,-0.2354,-0.1300,9.1700,0.0400,-0.1600,-0.6200,-0.0900,0.2500,0.1250,-89.1250,0.0200,9.8000,0.1000,-9.8922,-9.3557,-0.1216,-1.6250
9.2799,GROUND,-1.3125,-0.0392,9.8066,-0.1569,-0.1500,9.2300,0.1500,-0.1000,-0.5100,0.0900,359.8125,0.2500,-90.2500,0.0400,9.8000,-0.0500,-9.9364,-10.2244,-0.9992,-2.7500
9.3158,GROUND,-0.3125,0.0392,9.8459,-0.5099,-0.0500,9.2400,0.0900,-0.1200,-0.5500,0.3100,359.3750,0.3750,-91.2500,0.0700,9.8000,-0.2700,-10.1712,-9.9429,-0.7015,-3.7500
9.3511,GROUND,-0.3125,0.0392,9.6890,-0.8238,0.0000,9.2200,-0.3000,-0.0500,-0.5800,0.1100,358.6875,0.6875,-92.6875,0.1100,9.7900,-0.4600,-10.4549,-9.8621,-0.5822,-5.1875
9.3848,GROUND,-1.4375,0.0392,9.6890,-0.8630,0.2000,9.2300,-0.4600,0.0300,-0.5500,0.2000,358.2500,0.9375,-93.8750,0.1800,9.7700,-0.7300,-10.5877,-10.5514,-1.2601,-6.3750
9.4219,GROUND,-0.5000,0.5492,9.5713,-1.5298,0.5800,9.0800,-1.4500,0.3400,-0.6700,-0.4700,357.7500,1.3750,-95.6875,0.2400,9.7500,-0.9700,-11.0503,-10.2349,-0.9227,-8.1875
9.4580,GROUND,-1.0625,0.5492,9.5321,-1.9613,0.4500,8.8000,-1.5200,0.1500,-0.9200,-0.2900,357.2500,1.7500,-97.1875,0.3200,9.7100,-1.3100,-11.4938,-10.4915,-1.1411,-9.6875
9.4916,GROUND,-1.3125,0.6669,9.7282,-2.7459,0.7900,9.2900,-1.8600,0.4100,-1.6400,-0.2500,356.3125,2.2500,-99.4375,0.3800,9.6600,-1.6000,-12.1481,-10.7820,-1.3827,-11.9375
9.5254,GROUND,-0.5000,1.3337,11.6111,-0.4707,0.5900,6.7800,-3.6700,0.1500,-2.8100,-1.7700,355.4375,2.5625,-101.1875,0.4600,9.5900,-1.9800,-10.9917,-10.4194,-0.9712,-13.6875
9.5613,GROUND,-1.2500,0.8238,10.4735,-3.3343,0.8400,10.1200,-2.4400,0.5800,-0.9300,-0.3900,354.0625,3.0625,-103.3750,0.5200,9.5200,-2.2700,-12.3200,-10.7772,-1.2853,-15.8750
9.5966,GROUND,-0.7500,0.9414,8.9437,-3.0597,0.8400,8.6600,-2.9100,0.2300,-0.7800,-0.3600,352.8750,3.5000,-105.0625,0.6000,9.4500,-2.5400,-12.6575,-10.6648,-1.0845,-17.5625
9.6302,GROUND,1.1875,1.0983,9.0221,-3.2950,0.8800,8.6100,-2.7100,0.1500,-0.8900,-0.1700,351.2500,4.1875,-107.2500,0.7200,9.3300,-2.9000,-12.9317,-9.5023,0.2046,-19.7500
9.6663,GROUND,-1.0625,0.9807,9.0221,-3.6481,0.9400,8.6400,-3.0600,0.1300,-0.6100,0.0700,350.1250,4.6875,-108.7500,0.8300,9.2200,-3.2100,-13.2551,-10.5343,-0.7235,-21.2500
9.7019,GROUND,-0.4375,0.9414,8.1591,-4.2757,1.0600,8.2700,-3.9400,-0.2600,-0.9300,0.4800,348.8750,5.1875,-110.3750,0.8900,9.1500,-3.4000,-13.7663,-10.6065,-0.6750,-22.8750
9.7349,GROUND,-0.9375,0.9807,8.9437,-4.1972,0.9600,8.4200,-3.5100,-0.2600,-0.9300,0.4800,348.0625,5.5625,-111.3125,0.9500,9.0800,-3.5500,-13.9131,-11.0171,-0.9780,-23.8125
9.7692,GROUND,-2.4375,0.9807,8.7083,-4.5503,0.9000,8.1700,-3.6000,-0.1100,-0.7500,-0.0100,347.1250,6.0625,-112.2500,1.0400,9.0200,-3.6900,-14.1876,-12.1534,-2.0451,-24.7500
9.8046,GROUND,-1.1875,1.1768,8.8652,-4.5503,0.8400,8.4100,-3.9200,-0.2400,-0.5700,-0.1700,346.5000,6.3125,-112.6250,1.0800,8.9900,-3.7500,-14.2921,-11.8810,-1.6577,-25.1250
9.8380,GROUND,-0.9375,0.2746,9.2967,-5.3740,1.2200,9.7100,-6.8600,0.1100,0.7200,-3.0900,346.1250,6.4375,-112.7500,1.1000,8.9800,-3.7600,-14.8411,-11.6978,-1.3663,-25.2500
9.8744,GROUND,0.8750,0.9807,9.1006,-4.7856,1.1000,9.0000,-4.9300,0.0100,0.0100,-1.1700,346.1875,6.3750,-112.6875,1.0900,8.9900,-3.7600,-14.6869,-10.5587,-0.1116,-25.1875
9.9110,GROUND,-1.5000,1.0591,8.9829,-4.4718,0.9700,8.5600,-3.4500,-0.0800,-0.4400,0.2600,346.5625,6.0625,-112.2500,1.0400,9.0200,-3.6900,-14.4346,-11.6557,-1.1200,-24.7500
9.9443,GROUND,-0.8125,1.0983,9.2575,-4.4718,0.9200,8.7000,-3.7000,-0.0700,-0.3600,-0.0900,346.9375,5.8750,-111.6250,1.0000,9.0600,-3.6000,-14.3380,-11.7225,-1.0720,-24.1250
9.9774,GROUND,-0.8125,1.0199,9.0221,-4.6287,0.9600,8.7100,-3.7000,0.0000,-0.4000,-0.2300,347.3750,5.5625,-110.8125,0.9300,9.1400,-3.4100,-14.3981,-11.8188,-1.0657,-23.3125
10.0132,GROUND,-1.4375,1.2160,9.4928,-4.5111,0.9400,9.1700,-3.4800,0.0800,-0.0500,-0.2800,348.1875,5.0625,-109.0625,0.8600,9.2200,-3.1900,-14.3484,-12.2930,-1.4577,-21.5625
10.0484,GROUND,-0.8125,0.9807,9.6105,-4.0011,0.7800,9.0900,-3.0900,0.0000,-0.2300,-0.1800,349.0625,4.5000,-107.3125,0.7700,9.3300,-2.9100,-14.0141,-12.1343,-1.2066,-19.8125
10.0821,GROUND,-1.3125,0.7061,9.4536,-3.6873,0.5400,9.0500,-2.5900,-0.1500,-0.2700,0.0000,350.2500,3.6250,-104.1250,0.6200,9.4900,-2.3800,-13.6926,-12.4221,-1.4360,-16.6250
10.1177,GROUND,-0.5625,0.4707,9.9243,-2.8243,0.5200,9.6900,-1.8700,0.0100,0.0800,0.0200,351.5625,2.6875,-100.1250,0.4600,9.6400,-1.7300,-13.0363,-12.0744,-1.0539,-12.6250
10.1541,GROUND,-0.9375,0.6276,10.0028,-2.1182,0.4600,9.4100,-1.3700,0.1200,-0.3100,-0.1500,352.6875,1.9375,-97.1250,0.3300,9.7200,-1.2200,-12.3493,-12.1812,-1.1333,-9.6250
10.1879,GROUND,-1.1875,0.4707,9.6497,-1.7652,0.2700,9.4800,-1.0600,0.0600,-0.2900,-0.3500,353.8125,0.8750,-93.0625,0.1500,9.7900,-0.5300,-11.8688,-12.3744,-1.3352,-5.5625
10.2244,GROUND,0.2500,0.1177,9.8851,-0.8630,-0.0500,9.2300,-0.1500,-0.0700,-0.5700,-0.1100,354.6875,0.0625,-90.1875,0.0100,9.8000,-0.0300,-11.1274,-11.5132,-0.5014,-2.6875
10.2606,GROUND,-0.3125,-0.0785,9.4144,-0.4315,-0.1300,9.1500,0.0000,0.0000,-0.6400,-0.4300,355.5625,-0.6875,-87.4375,-0.1700,9.7800,0.5800,-10.5777,-11.5275,-0.5275,0.0625
10.2941,GROUND,0.3750,-0.0392,9.7282,0.0392,-0.3700,9.2100,0.9400,-0.0500,-0.5300,-0.0700,356.9375,-1.8750,-84.0000,-0.3200,9.7400,1.0100,-10.0768,-11.1072,-0.1047,3.5000
10.3279,GROUND,-1.1250,-0.3923,9.6105,0.6669,-0.4600,9.2200,1.2300,0.0000,-0.4600,-0.1700,358.0000,-2.6875,-81.6875,-0.5000,9.6700,1.5300,-9.4978,-11.8323,-0.8979,5.8125
10.3638,GROUND,0.3750,-0.5884,9.5713,1.1376,-0.6700,8.9300,1.8800,-0.0500,-0.6600,-0.0100,359.3750,-3.6250,-78.8125,-0.6200,9.6000,1.8900,-8.9854,-11.1078,-0.2533,8.6875
10.3999,GROUND,-1.0000,-0.4707,9.3359,1.4122,-0.3600,8.9500,1.7100,0.3600,-0.5600,-0.5100,0.1875,-4.2500,-76.7500,-0.7700,9.4900,2.3400,-8.6202,-11.6224,-0.8642,10.7500
10.4337,GROUND,-0.4375,-0.5492,9.2967,1.9613,-0.5800,8.8200,2.4200,0.2800,-0.6200,-0.0800,1.0000,-5.0000,-74.1875,-0.8500,9.4000,2.6500,-8.1412,-11.3997,-0.7513,13.3125
10.4696,GROUND,-0.7500,-0.4707,9.0613,2.2359,-0.6100,8.4200,2.4700,0.3100,-0.8700,-0.4800,1.9375,-5.5000,-71.7500,-0.9400,9.2700,3.0500,-7.7886,-11.4256,-0.9050,15.7500
10.5059,GROUND,0.1875,-0.5492,8.4729,2.4320,-0.6200,8.2400,3.0000,0.3400,-0.9300,-0.3000,2.3125,-5.6875,-70.1250,-0.9700,9.1700,3.3000,-7.5325,-10.8058,-0.3572,17.3750
10.5389,GROUND,-0.0625,-0.7845,8.8260,2.9028,-0.8200,8.3900,3.4500,0.1500,-0.6800,-0.0900,2.4375,-5.7500,-68.6250,-0.9800,9.0500,3.6200,-7.1439,-10.6465,-0.3170,18.8750
10.5750,GROUND,0.6875,-0.9022,8.4729,3.0204,-0.9000,7.9600,3.4200,0.0600,326.6800,-0.4100,2.5625,-5.6250,-66.7500,-0.9600,8.9600,3.8400,-6.9226,-10.0493,0.1776,20.7500
10.6101,GROUND,0.0625,-0.8630,8.2768,3.4519,-0.7800,8.0800,3.5300,0.1400,-0.8000,-0.5100,2.5625,-5.3750,-65.4375,-0.9200,8.8800,4.0400,-6.5716,-10.1411,-0.0193,22.0625
10.6432,GROUND,-1.0625,-1.2553,7.9238,2.9812,-1.6000,7.8800,5.9400,-0.3700,-0.5900,-1.2100,2.6250,-5.0625,-63.8750,-0.8600,8.7700,4.2900,-6.7286,-10.7827,-0.8082,23.6250
10.6778,GROUND,1.0000,-0.8630,8.3553,4.0403,-0.9700,7.8700,3.6500,-0.1500,-0.8200,-0.7900,2.8125,-4.7500,-62.8750,-0.8000,8.6700,4.4900,-6.1336,-9.6563,0.1882,24.6250
10.7141,GROUND,0.3750,-0.8630,8.0807,3.6088,-0.9700,7.8400,3.8400,-0.2600,-0.7400,-0.6100,3.1250,-4.5000,-61.8750,-0.7700,8.6200,4.6000,-6.1732,-9.5511,0.1814,25.6250
10.7487,GROUND,0.3750,-1.0591,8.1591,3.8050,-1.1400,7.6300,3.8800,-0.3600,-0.9500,-0.7700,3.4375,-4.5000,-61.5000,-0.7700,8.5900,4.6500,-6.0671,-9.4500,0.1842,26.0000
10.7821,GROUND,1.0625,-0.7453,7.9238,3.7265,-0.6700,7.8500,3.9700,0.2700,-0.5200,-0.6400,4.0000,-4.6250,-61.6875,-0.7900,8.6000,4.6300,-6.0750,-8.9261,0.6134,25.8125
10.8174,GROUND,-1.1875,-0.4315,8.5514,3.6481,-0.5600,8.1400,3.8800,0.2200,-0.4900,-0.6700,4.2500,-4.6250,-62.1250,-0.7900,8.6400,4.5600,-6.1269,-10.0603,-0.6440,25.3750
10.8535,GROUND,1.9375,-0.5099,8.4729,3.6088,-0.5300,8.3200,3.9400,0.2400,-0.3900,-0.4800,4.5625,-4.3750,-63.3750,-0.7500,8.7400,4.3700,-6.1703,-8.5242,0.8580,24.1250
10.8871,GROUND,-0.5000,-0.2746,9.2575,3.5696,-0.5500,8.7400,3.9500,0.1600,-0.0900,-0.2400,4.6875,-4.1875,-64.5625,-0.7200,8.8300,4.1900,-6.2117,-9.3925,-0.1144,22.9375
10.9232,GROUND,1.0625,-0.6669,8.7868,3.5304,-0.7600,8.4400,3.7600,0.0000,-0.3500,-0.2000,4.7500,-3.9375,-66.5000,-0.6800,8.9700,3.8900,-6.2514,-8.6661,0.5015,21.0000
10.9596,GROUND,-1.2500,-0.5884,9.2967,3.0989,-0.6900,8.7500,3.3900,-0.0300,-0.3200,-0.2500,4.9375,-3.8125,-68.1250,-0.6500,9.0800,3.6400,-6.5336,-9.7526,-0.7113,19.3750
10.9931,GROUND,-0.5625,-0.7453,8.7868,2.7459,-0.8300,8.4400,3.0200,-0.2600,-0.7300,-0.3800,5.0000,-3.6875,-70.3750,-0.6400,9.2100,3.2800,-6.8594,-9.6869,-0.7470,17.1250
11.0287,GROUND,-0.4375,-0.7845,8.8652,2.3928,-0.7900,8.5300,2.6500,-0.1600,-0.7800,-0.3400,5.1875,-3.6250,-72.1875,-0.6200,9.3100,2.9900,-7.2019,-9.5294,-0.6827,15.3125
11.0649,GROUND,0.2500,-0.4707,8.9044,2.1575,-0.3800,8.7000,2.5200,0.3300,-0.5400,-0.1500,5.6250,-3.5625,-74.7500,-0.6100,9.4400,2.5600,-7.4782,-9.0177,-0.2166,12.7500
11.0991,GROUND,1.0000,-0.3138,9.4144,1.4514,-0.4500,8.8900,1.8500,0.1600,-0.6300,-0.4000,5.9375,-3.6250,-76.6250,-0.6200,9.5200,2.2600,-8.0201,-8.3879,0.4386,10.8750
11.1319,GROUND,0.6250,-0.2746,9.3752,1.2553,-0.2500,9.0500,1.7500,0.3500,-0.5300,-0.2100,6.0625,-3.5000,-78.8750,-0.6000,9.6000,1.8700,-8.3484,-8.3827,0.4434,8.6250
11.1678,GROUND,0.0625,-0.1961,9.8459,1.2160,-0.3700,9.1500,1.7900,0.1800,-0.5000,0.1400,5.8125,-3.2500,-80.3125,-0.5500,9.6500,1.6400,-8.4981,-8.7309,0.0906,7.1875
11.2037,GROUND,1.0625,-0.2746,9.5321,1.2945,-0.2900,9.1600,1.7400,0.1700,-0.5100,0.2700,5.5000,-2.5000,-81.6875,-0.4300,9.6900,1.4100,-8.5066,-8.2591,0.5932,5.8125
11.2372,GROUND,0.0625,-0.2746,9.6497,1.0591,-0.4000,9.1200,1.4400,-0.0700,-0.5900,0.1700,5.1250,-1.8750,-82.5000,-0.3200,9.7100,1.2700,-8.6555,-8.7097,0.1458,5.0000
11.2735,GROUND,-0.1875,-0.3530,9.2575,0.5492,-0.5300,8.8200,1.1000,-0.3600,-0.8600,0.1100,4.6250,-1.1250,-83.5000,-0.1900,9.7400,1.1000,-9.0276,-9.0367,-0.1810,4.0000
11.3089,GROUND,0.5000,-0.1177,9.7282,0.5492,-0.3000,9.2500,1.3400,-0.1700,-0.4900,0.3400,4.2500,-0.7500,-84.1250,-0.1200,9.7500,1.0000,-9.1695,-8.7537,0.1348,3.3750
11.3424,GROUND,-0.6875,-0.0392,9.6497,0.5492,-0.1700,9.2400,0.9900,-0.0900,-0.5200,0.0700,3.6875,-0.3750,-84.6875,-0.0700,9.7600,0.9000,-9.2240,-9.3919,-0.5024,2.8125
11.3782,GROUND,0.8750,0.0000,9.8851,0.3923,-0.1100,9.5300,0.7700,-0.0700,-0.2300,-0.0600,3.3750,-0.1875,-85.0625,-0.0300,9.7700,0.8300,-9.3414,-8.6829,0.2454,2.4375
11.4126,GROUND,0.0000,0.0785,10.0028,0.1569,0.0500,9.4900,0.7300,0.0600,-0.2700,-0.0600,3.1875,0.0000,-85.3125,0.0000,9.7700,0.7900,-9.5320,-8.9684,-0.0176,2.1875
11.4457,GROUND,-0.1875,0.1569,9.9243,0.2354,0.1200,9.4100,0.7800,0.0500,-0.3200,0.0000,2.9375,0.1875,-85.5000,0.0300,9.7700,0.7600,-9.5563,-9.2112,-0.2413,2.0000
11.4802,GROUND,0.0625,0.0785,9.8066,0.1177,0.0400,9.3000,0.7200,-0.0200,-0.4600,-0.0200,2.6875,0.3750,-85.6250,0.0700,9.7700,0.7400,-9.6382,-9.1628,-0.1728,1.8750
11.5160,GROUND,0.1250,0.1569,9.7674,0.2746,0.1300,9.3000,0.8100,0.0100,-0.4700,0.0900,2.5000,0.7500,-85.8125,0.1200,9.7700,0.7100,-9.5725,-9.1207,-0.1010,1.6875
11.5496,GROUND,0.5625,0.1569,9.8066,0.0785,0.1000,9.3600,0.6500,-0.0600,-0.4200,-0.0200,2.3125,0.9375,-86.0000,0.1600,9.7800,0.6800,-9.6686,-8.8683,0.2024,1.5000
11.5831,GROUND,0.3750,0.1569,9.9243,0.1569,0.1100,9.5000,0.6800,-0.0800,-0.2800,0.0300,2.2500,1.1250,-86.1875,0.2000,9.7800,0.6400,-9.6569,-8.9102,0.1919,1.3125
11.6187,GROUND,0.2500,0.0392,9.8459,0.0785,-0.1800,9.4600,0.6200,-0.3700,-0.3200,0.0000,2.3750,1.1250,-86.3750,0.1900,9.7800,0.6100,-9.7009,-9.0185,0.1174,1.1250
11.6518,GROUND,1.2500,0.1177,10.1205,0.1177,-0.1100,9.7300,0.6400,-0.2500,-0.0500,0.0600,2.8125,0.8125,-86.5625,0.1400,9.7800,0.5800,-9.6934,-8.4998,0.7191,0.9375
11.6847,GROUND,1.0000,0.0000,10.3558,0.0392,-0.3400,9.9000,0.4900,-0.4200,0.1400,-0.0800,3.6875,0.0000,-86.8750,-0.0100,9.7900,0.5200,-9.7391,-8.4863,0.7827,0.6250
11.7203,GROUND,-0.8125,-0.3138,10.3166,-0.0785,-0.6100,9.8900,0.3400,-0.4000,0.1000,-0.1200,4.6875,-1.1875,-87.2500,-0.2000,9.7900,0.4600,-9.8295,-9.6428,-0.3406,0.2500
11.7566,GROUND,0.3750,-0.3530,10.3558,-0.0392,-0.5300,9.9600,0.4000,-0.0700,0.1700,0.0100,6.6875,-3.2500,-87.8750,-0.5600,9.7800,0.3500,-9.8395,-9.3428,-0.0112,-0.3750
11.7903,GROUND,0.7500,-0.3138,10.4735,-0.2746,-0.4500,9.9300,0.2200,0.4100,0.1700,-0.0400,8.3750,-5.1250,-88.4375,-0.8700,9.7600,0.2600,-9.9887,-9.0088,0.3403,-0.9375
11.8272,GROUND,-0.0625,-0.5492,10.1205,-0.2746,-0.7300,9.7000,0.2800,0.4500,-0.0500,0.2400,10.6250,-7.6250,-89.0000,-1.3000,9.7100,0.1600,-10.0459,-9.4148,-0.0359,-1.5000
11.8632,GROUND,0.0000,-1.2160,10.0028,-0.2746,-1.4000,9.4000,0.2400,0.2200,-0.2600,0.1500,12.4375,-9.5625,-89.4375,-1.6300,9.6600,0.0900,-10.0677,-9.5375,-0.1336,-1.9375
11.9009,GROUND,-0.3125,-1.7260,9.6497,-0.5884,-2.1100,8.8800,0.0400,-0.0200,-0.6900,0.0200,14.9375,-12.2500,-89.8125,-2.0800,9.5800,0.0200,-10.2700,-9.8009,-0.3799,-2.3125
11.9344,GROUND,0.0625,-2.3144,9.2575,-0.5884,-2.3100,8.7800,-0.1300,0.1100,-0.7100,-0.1100,17.3125,-15.0000,-90.2500,-2.5400,9.4700,-0.0400,-10.3472,-9.6682,-0.2338,-2.7500
11.9707,GROUND,0.0000,-2.3536,9.2575,-0.9414,-2.5900,8.6200,-0.1300,0.2800,-0.7400,-0.0300,19.1250,-17.0625,-90.5625,-2.8800,9.3700,-0.0900,-10.5949,-9.6776,-0.2174,-3.0625
12.0069,GROUND,0.1875,-2.7459,9.2183,-0.7845,-2.6500,8.7800,-0.1900,0.5500,-0.4800,-0.0300,21.1875,-19.6875,-91.0625,-3.3100,9.2200,-0.1700,-10.5925,-9.5923,-0.0846,-3.5625
12.0405,GROUND,0.4375,-3.2166,8.9437,-1.1768,-3.2600,8.1700,-0.2200,0.3300,-0.9400,0.0000,22.6875,-21.5000,-91.3125,-3.5900,9.1200,-0.2100,-10.8340,-9.4424,0.1157,-3.8125
12.0763,GROUND,-0.9375,-3.7265,8.1591,-0.7845,-3.6500,7.6500,-0.1600,0.1900,-1.3500,0.1200,22.6875,-21.5000,-91.3125,-3.9100,8.9900,-0.2300,-10.6840,-10.2424,-0.6695,-3.8125
12.1102,GROUND,0.3750,-3.9227,8.0415,-0.6276,-3.7600,7.4300,-0.0900,0.3200,-1.4700,0.1200,24.8750,-24.6250,-91.4375,-4.0900,8.9000,-0.2200,-10.5295,-9.7812,-0.1388,-3.9375
12.1433,GROUND,-0.0625,-4.0796,7.7669,-0.7061,-3.7900,7.4600,-0.1200,0.4300,-1.3800,0.0700,25.3125,-25.5625,-91.3125,-4.2600,8.8200,-0.1900,-10.5191,-9.8944,-0.2237,-3.8125
12.1794,GROUND,0.3125,-3.8050,8.1591,-0.9022,-3.6400,7.6700,-0.2000,0.6900,-1.1100,-0.0700,25.8750,-26.2500,-90.8125,-4.3400,8.7900,-0.1300,-10.6362,-9.7248,-0.0144,-3.3125
12.2143,GROUND,0.3125,-4.0011,8.0022,-0.6669,-3.8000,7.5000,0.0000,0.5600,-1.2700,0.0600,26.1875,-26.4375,-90.3125,-4.3600,8.7800,-0.0500,-10.5356,-9.6887,0.0686,-2.8125
12.2479,GROUND,0.2500,-4.0403,7.8453,-0.7845,-3.7600,7.4600,-0.2700,0.6000,-1.2500,-0.4200,25.9375,-26.0000,-89.6875,-4.3000,8.8100,0.0400,-10.5699,-9.7393,0.0531,-2.1875
12.2836,GROUND,0.4375,-4.0796,7.8061,-0.7845,-3.7200,7.3100,-0.0500,0.4600,-1.5400,-0.1700,25.5625,-25.2500,-89.1875,-4.1300,8.8900,0.1400,-10.5829,-9.6606,0.1644,-1.6875
12.3193,GROUND,0.6250,-3.6481,7.6884,-0.8238,-3.3400,7.3000,-0.1400,1.1100,-1.5600,-0.6600,24.3125,-23.4375,-88.5625,-3.9000,8.9900,0.2200,-10.6122,-9.5430,0.3318,-1.0625
12.3533,GROUND,1.3125,-2.5105,8.3945,-0.8238,-2.4000,8.4600,0.2900,1.1500,-0.6700,-0.0100,22.4375,-21.2500,-88.0000,-3.5500,9.1300,0.3100,-10.6233,-9.1322,0.8312,-0.5000
12.3861,GROUND,0.9375,-2.5497,9.3359,0.5884,-2.3300,9.0300,1.3000,0.7800,-0.2500,0.8900,19.6875,-17.5625,-87.2500,-2.9600,9.3300,0.4400,-9.7549,-9.2260,0.7753,0.2500
12.4220,GROUND,-0.1250,-2.7851,9.0221,0.3138,-2.4700,8.4000,0.4900,0.0000,-1.0600,-0.0100,17.4375,-14.5625,-86.8750,-2.4600,9.4700,0.5100,-9.5930,-9.9233,0.0817,0.6250
12.4582,GROUND,0.6250,-1.9613,9.6890,0.3923,-1.6400,9.7100,0.9200,0.2700,0.1100,0.3800,14.0625,-10.1875,-86.7500,-1.7300,9.6300,0.5400,-9.4825,-9.7158,0.2998,0.7500
12.4916,GROUND,-0.2500,-1.1768,10.0420,0.1569,-1.5700,9.2800,0.4300,-0.3500,-0.4200,-0.1200,12.0625,-7.1250,-86.6875,-1.2200,9.7100,0.5500,-9.5859,-10.1764,-0.1768,0.8125
12.5270,GROUND,-0.1250,-0.9414,9.5713,-0.3138,-0.8700,9.3300,0.0800,-0.0700,-0.4200,-0.4500,9.6875,-3.8750,-86.8750,-0.6600,9.7600,0.5200,-9.9162,-10.2658,-0.2794,0.6250
12.5624,GROUND,-0.6875,-0.1569,10.3558,-0.1961,-0.5100,9.8300,0.7500,-0.1700,0.0400,0.2400,8.0625,-1.9375,-87.0000,-0.3300,9.7800,0.5000,-9.9697,-10.6316,-0.6637,0.5000
12.5954,GROUND,0.1875,-0.2354,10.0420,0.1177,-0.6000,9.3100,0.4800,-0.4900,-0.4700,0.0000,6.3750,-0.3125,-87.1250,-0.0500,9.7900,0.4800,-9.7960,-10.2211,-0.2716,0.3750
12.6320,GROUND,1.3125,0.0000,10.0812,-0.1961,-0.1200,9.6500,0.5900,-0.2000,-0.1300,0.1100,5.1250,0.4375,-87.1250,0.0700,9.7900,0.4800,-9.9235,-9.3561,0.5910,0.3750
12.6680,GROUND,-1.1875,0.0785,10.0420,0.0392,-0.0700,9.5600,0.6500,-0.2400,-0.2200,0.1500,4.0625,1.0625,-87.0000,0.1800,9.7900,0.5100,-9.8272,-10.5618,-0.6487,0.5000
12.7016,GROUND,-0.2500,0.0785,10.0812,0.1177,0.1300,9.5000,0.5600,-0.0800,-0.2800,0.0200,3.9375,1.2500,-86.8750,0.2200,9.7800,0.5300,-9.7417,-10.4382,-0.5331,0.6250
12.7359,GROUND,-1.1250,0.4707,10.0812,0.0392,0.3100,9.7200,0.5900,0.0500,-0.0600,0.0400,3.8125,1.5000,-86.6875,0.2600,9.7800,0.5500,-9.7576,-10.9218,-1.0502,0.8125
12.7725,GROUND,-0.8750,0.3530,10.1205,0.1177,0.2800,9.8100,0.5900,0.0000,0.0300,0.0100,3.7500,1.6250,-86.5625,0.2700,9.7800,0.5800,-9.7151,-10.9195,-1.0789,0.9375
12.8064,GROUND,0.5000,0.3530,10.1989,0.0785,0.3200,9.5900,0.5300,0.0300,-0.1900,-0.0800,3.7500,1.6250,-86.3750,0.2800,9.7800,0.6100,-9.7230,-10.0973,-0.2198,1.1250
12.8395,GROUND,0.0000,0.3923,10.0028,-0.1569,0.2600,9.4700,0.2700,-0.1000,-0.3900,-0.3500,3.6250,1.6875,-86.1250,0.2900,9.7800,0.6500,-9.8716,-10.0925,-0.2127,1.3750
12.8741,GROUND,1.3125,0.1961,9.8066,-0.1177,0.3300,9.3000,0.4400,0.0200,-0.4700,-0.2300,3.4375,1.8125,-86.0000,0.3100,9.7700,0.6800,-9.9039,-9.2941,0.6168,1.5000
12.9093,GROUND,0.0625,0.5099,9.8066,0.0000,0.8100,9.3400,0.4700,0.4500,-0.4200,-0.2300,3.0625,2.1875,-85.7500,0.3800,9.7700,0.7100,-9.8438,-9.7663,0.1499,1.7500
12.9429,GROUND,0.2500,1.0591,9.7282,0.0000,1.4600,9.2600,0.6700,0.9400,-0.4900,-0.0700,2.5625,2.9375,-85.5625,0.5100,9.7600,0.7500,-9.8208,-9.8378,0.0811,1.9375
12.9789,GROUND,1.5000,1.2553,9.5713,0.3138,1.4200,9.0800,0.8400,0.6500,-0.5500,-0.0500,1.0625,4.7500,-85.2500,0.8100,9.7300,0.8000,-9.6179,-9.0895,0.8469,2.2500
13.0140,GROUND,-0.1250,1.5298,9.5713,0.0785,1.7400,9.0500,0.7200,0.5800,-0.6400,-0.0800,359.4375,6.7500,-85.1875,1.1500,9.7000,0.8100,-9.6861,-9.8020,0.1218,2.3125
13.0469,GROUND,-0.1250,1.7652,9.3752,0.3138,1.8000,9.0500,0.8000,0.2500,-0.5800,-0.0100,357.5000,9.0625,-85.1250,1.6900,9.6200,0.8100,-9.5667,-10.0780,-0.1647,2.3750
13.0824,GROUND,-0.1875,2.3536,9.5321,0.0392,2.4100,8.8500,0.5800,0.2700,-0.6800,-0.2000,357.5000,9.0625,-85.1250,2.1300,9.5300,0.7900,-9.6907,-10.2102,-0.3062,2.3750
13.1161,GROUND,0.6875,2.8243,9.2967,0.0785,2.4800,8.9900,0.7000,-0.1000,-0.4300,-0.0400,352.7500,15.2500,-85.3750,2.5800,9.4200,0.7500,-9.7137,-9.7431,0.1919,2.1250
13.1495,GROUND,-0.5000,2.7459,9.4144,0.1569,2.6500,8.9000,0.7200,-0.3800,-0.4400,-0.0600,349.8750,18.6250,-85.6250,3.1300,9.2600,0.7000,-9.6742,-10.2966,-0.3756,1.8750
13.1853,GROUND,-0.1875,3.2558,9.1398,0.0000,2.9900,8.7400,0.4300,-0.5000,-0.3800,-0.2300,347.8750,20.8750,-85.8125,3.6000,9.0900,0.6500,-9.7560,-10.2936,-0.3965,1.6875
13.2214,GROUND,-0.1875,3.4912,9.1006,0.0785,3.2400,8.6400,0.3500,-0.4800,-0.6200,-0.0900,345.5625,23.4375,-85.9375,3.9000,8.9700,0.6300,-9.7387,-10.2810,-0.3980,1.5625
13.2560,GROUND,0.1250,4.0796,8.8652,-0.5492,4.1500,8.2200,0.5700,0.0000,-0.6300,-0.0300,344.0625,25.0625,-86.0000,4.1500,8.8600,0.6100,-10.1200,-10.0973,-0.1958,1.5000
13.2889,GROUND,1.5000,4.5503,8.6691,0.1177,4.1800,8.5000,0.6000,-0.2000,-0.2400,-0.0200,341.8125,27.0000,-85.7500,4.4500,8.7100,0.6400,-9.8533,-9.1884,0.7389,1.7500
13.3248,GROUND,-0.0625,4.4718,8.3553,-0.0785,4.2000,8.0600,0.6200,-0.4100,-0.5500,-0.0600,340.5000,28.1250,-85.3750,4.6200,8.6100,0.6900,-9.8730,-9.8324,0.1087,2.1250
13.3607,GROUND,0.2500,4.5503,8.3945,-0.1961,4.3000,8.0300,0.4900,-0.4500,-0.5100,-0.2300,339.0625,29.2500,-84.9375,4.7900,8.5200,0.7500,-9.9532,-9.8791,0.0741,2.5625
13.3942,GROUND,1.6875,4.9818,8.2376,0.3530,4.4900,7.9100,0.5600,-0.3700,-0.5600,-0.2200,338.4375,29.7500,-84.6875,4.8700,8.4700,0.7800,-9.6442,-9.0205,0.9612,2.8125
13.4295,GROUND,0.0000,4.9818,8.1199,0.2354,4.6500,7.9200,0.5300,-0.2400,-0.5200,-0.2900,337.8750,30.0000,-84.2500,4.9100,8.4400,0.8400,-9.5992,-9.7545,0.2337,3.2500
13.4651,GROUND,0.1875,5.1387,8.4337,-0.4707,4.5700,8.0800,0.8300,-0.3200,-0.3600,-0.0400,337.6875,29.9375,-84.0000,4.9000,8.4400,0.8800,-10.0183,-9.9131,0.0841,3.5000
13.4979,GROUND,-0.4375,4.8249,8.2768,0.1569,4.3600,7.9200,0.7500,-0.4800,-0.5500,-0.1400,337.8125,29.6250,-83.8750,4.8200,8.4900,0.9000,-9.7905,-10.3659,-0.3788,3.6250
13.5341,GROUND,0.8750,4.7856,8.7475,0.9414,4.5300,8.5700,0.3200,-0.1700,0.0200,-0.5800,338.5625,28.6250,-83.8750,4.7000,8.5500,0.9000,-9.2184,-9.6851,0.2726,3.6250
13.5702,GROUND,-0.3125,4.2757,8.9044,0.1177,4.0700,8.5300,0.2900,-0.4700,-0.1100,-0.5900,339.4375,27.5625,-84.0625,4.4700,8.6700,0.8800,-9.5093,-10.1565,-0.2203,3.4375
13.6045,GROUND,0.1250,4.3934,9.0613,0.5099,3.7900,9.2700,0.4700,-0.4400,0.4700,-0.3500,341.0625,25.5625,-84.5625,4.2300,8.8000,0.8200,-9.3778,-10.0594,-0.1329,2.9375
13.6385,GROUND,-0.2500,4.1972,9.1398,0.0785,3.2300,8.0700,0.3700,-0.7000,-0.8700,-0.3400,50.1875,22.9375,-85.6250,3.8200,9.0000,0.6800,-9.5943,-10.2466,-0.3443,1.8750
13.6750,GROUND,-0.8125,3.4519,9.6105,0.0000,3.1400,9.7000,0.5700,-0.2800,0.5200,0.0000,52.6250,20.3750,-86.3750,3.4200,9.1700,0.5700,-9.7256,-10.6568,-0.7822,1.1250
13.7120,GROUND,-1.1875,3.0204,9.5321,-0.0785,2.9300,8.6900,0.1100,-0.0300,-0.6400,-0.3100,56.5625,16.6250,-87.6875,2.8000,9.3800,0.3700,-9.8242,-11.0120,-1.1734,-0.1875
13.7459,GROUND,0.8750,3.0597,9.2183,-0.3138,2.9100,9.3700,0.3400,0.5700,-0.1400,0.1200,59.3125,13.7500,-88.6250,2.3300,9.5200,0.2200,-10.0069,-9.8546,-0.0285,-1.1250
13.7819,GROUND,-0.0625,2.2751,9.8459,-0.1569,2.0300,9.3000,0.2100,0.2200,-0.5300,0.0200,62.7500,10.0000,-89.4375,1.7100,9.6500,0.0900,-9.9801,-10.0107,-0.1812,-1.9375
13.8173,GROUND,1.5625,2.0006,9.3359,-0.6276,1.8700,9.0500,0.0300,0.5700,-0.6700,0.0200,65.1875,7.5625,-89.8750,1.2900,9.7200,0.0100,-10.2605,-9.1206,0.7938,-2.3750
13.8501,GROUND,-0.9375,1.4514,9.3752,-0.5099,1.2600,8.7300,0.1100,0.3400,-1.0200,0.1400,68.1875,4.7500,-90.2500,0.8100,9.7700,-0.0400,-10.2954,-10.3459,-0.4227,-2.7500
13.8862,GROUND,-0.1250,0.7061,9.2967,-0.3923,0.6400,8.9600,-0.0700,0.1200,-0.8200,0.0000,70.0625,3.0000,-90.3750,0.5100,9.7900,-0.0600,-10.2357,-10.2973,-0.3727,-2.8750
13.9218,GROUND,-1.3750,0.4707,9.3359,-0.7061,0.3500,8.7900,-0.1300,0.0800,-1.0100,-0.0600,72.2500,1.0625,-90.3750,0.1900,9.8000,-0.0600,-10.4070,-11.0317,-1.1344,-2.8750
13.9554,GROUND,-0.7500,0.2354,9.4536,-0.5884,0.1000,8.9300,0.1100,0.1100,-0.8600,0.1400,73.4375,0.0000,-90.1875,0.1900,9.8000,-0.0600,-10.3995,-10.9347,-1.0295,-2.6875
13.9885,GROUND,-0.0625,0.0392,9.3359,-0.7845,0.0600,8.8400,-0.1000,0.2400,-0.9600,-0.1200,74.5625,-1.0000,-89.8125,-0.2300,9.8000,0.0400,-10.5178,-10.4744,-0.5673,-2.3125
14.0245,GROUND,-0.5625,-0.0392,9.2183,-0.5099,-0.0700,8.6900,0.0600,0.3500,-1.0600,-0.0200,75.7500,-2.1250,-89.3125,-0.3700,9.7900,0.1100,-10.3934,-10.6088,-0.6948,-1.8125
14.0577,GROUND,0.3750,0.0392,9.3752,-0.6669,0.1400,8.8600,-0.0700,0.6000,-0.9200,-0.2500,76.0625,-2.6250,-88.9375,-0.4500,9.7900,0.1800,-10.4427,-10.1220,-0.1523,-1.4375
14.0905,GROUND,0.5000,0.0785,9.3359,-0.4315,-0.0300,8.9700,0.2500,0.4400,-0.8100,0.0000,76.0000,-2.8125,-88.2500,-0.4900,9.7800,0.2900,-10.3161,-9.8673,0.1218,-0.7500
14.1268,GROUND,-0.3125,-0.0785,9.6105,-0.1569,-0.0500,9.0600,0.3000,0.4300,-0.7200,-0.0700,75.9375,-2.8125,-87.7500,-0.4900,9.7800,0.3800,-10.0982,-10.2800,-0.2864,-0.2500
14.1631,GROUND,-0.6250,-0.0392,9.4536,-0.2354,-0.2200,9.0500,0.1900,0.2200,-0.7300,-0.2600,75.5625,-2.4375,-87.1250,-0.4200,9.7800,0.4800,-10.0635,-10.6139,-0.6329,0.3750
14.1975,GROUND,-1.0000,-0.4315,9.4536,-0.0392,-0.4800,9.1100,0.4800,-0.1200,-0.6700,-0.0600,75.3125,-2.0625,-86.7500,-0.3600,9.7800,0.5400,-9.9290,-10.9608,-1.0089,0.7500
14.2338,GROUND,0.2500,-0.3530,9.8066,0.0392,-0.4500,9.2200,0.5600,-0.0800,-0.5500,-0.0600,75.3125,-1.7500,-86.5625,-0.3000,9.7800,0.5800,-9.8289,-10.2949,-0.3575,0.9375
14.2685,GROUND,0.8125,-0.1177,9.7674,0.0000,-0.2300,9.5000,0.2900,0.0400,-0.2700,-0.2800,75.2500,-1.6250,-86.5625,-0.2800,9.7800,0.5800,-9.8150,-9.7250,0.2522,0.9375
14.3015,GROUND,-0.5625,0.0000,10.2381,-0.1569,-0.2000,9.7500,0.4900,0.0700,-0.0200,-0.0800,75.2500,-1.6250,-86.5625,-0.2800,9.7800,0.5700,-9.9069,-10.3626,-0.3940,0.9375
14.3376,GROUND,0.8125,-0.2746,9.8459,0.1569,-0.3600,9.3500,0.6400,-0.0800,-0.4300,0.0600,75.2500,-1.6250,-86.6250,-0.2800,9.7800,0.5700,-9.7477,-9.7384,0.2305,0.8750
14.3729,GROUND,0.6250,-0.0392,9.7674,0.0000,-0.0900,9.3000,0.5200,0.1700,-0.4700,-0.0500,75.0625,-1.5625,-86.5625,-0.2600,9.7800,0.5800,-9.7841,-9.6337,0.3573,0.9375
14.4063,GROUND,-0.4375,-0.0785,9.6105,0.1177,-0.1300,9.1700,0.5900,0.1000,-0.6000,0.0000,74.8750,-1.3750,-86.5000,-0.2400,9.7800,0.5900,-9.7253,-10.2421,-0.2680,1.0000
14.4406,GROUND,0.3750,-0.1177,9.6105,0.0392,-0.3400,9.1600,0.4900,-0.1400,-0.6100,-0.1000,74.7500,-1.1875,-86.4375,-0.1900,9.7800,0.6000,-9.7512,-9.9652,-0.0002,1.0625
14.4766,GROUND,1.1250,-0.3530,9.3359,0.0785,-0.3700,8.9100,0.6600,-0.1800,-0.8200,0.0400,74.6875,-0.9375,-86.3125,-0.1600,9.7800,0.6200,-9.7368,-9.4169,0.5838,1.1875
14.5100,GROUND,0.1250,0.0785,9.8459,-0.0785,0.0300,9.3900,0.4500,0.1700,-0.3800,-0.1800,74.6250,-0.8125,-86.1875,-0.1400,9.7800,0.6400,-9.8285,-9.8232,0.1781,1.3125
14.5429,GROUND,-0.6875,-0.0785,9.6105,0.0392,-0.2700,9.0500,0.6700,-0.1300,-0.7200,0.0000,74.6875,-0.7500,-85.9375,-0.1300,9.7800,0.6800,-9.7908,-10.4830,-0.4995,1.5625
14.5785,GROUND,-0.3125,-0.1177,9.4928,0.2746,-0.1000,9.3300,0.5600,0.0300,-0.4400,-0.1400,74.6875,-0.7500,-85.8125,-0.1300,9.7800,0.7000,-9.6308,-10.4810,-0.5175,1.6875
14.6131,GROUND,-1.5000,0.0392,9.4928,0.0392,-0.0700,9.0600,0.6100,0.0700,-0.7100,-0.1000,74.8750,-0.8125,-85.7500,-0.1400,9.7700,0.7200,-9.7153,-11.1747,-1.2672,1.7500
14.6462,GROUND,0.0000,0.0000,9.6890,0.1569,-0.0500,9.3100,0.7200,0.1400,-0.3800,0.0000,74.9375,-0.7500,-85.6875,-0.1300,9.7700,0.7300,-9.6746,-10.5042,-0.6147,1.8125
14.6813,GROUND,-0.7500,0.0392,9.8851,0.1177,-0.3300,14.0800,-4.0100,-0.2100,4.3100,-4.7600,75.1250,-0.6875,-85.6250,-0.1100,9.7700,0.7400,-9.6834,-10.6978,-0.8417,1.8750
14.7174,GROUND,1.0625,-0.2746,9.1398,0.2354,-0.4700,8.3100,2.7600,-0.4000,0.6900,-1.0700,75.3750,-0.7500,-85.7500,-0.1300,9.7700,0.7200,-9.6138,-9.6651,0.2255,1.7500
14.7505,GROUND,0.0000,-0.4707,9.5321,-0.5884,-0.3700,9.8100,0.9600,-0.2200,0.0300,0.2500,75.6250,-0.8125,-85.8125,-0.1400,9.7700,0.7000,-10.0966,-9.9423,-0.0482,1.6875
14.7867,GROUND,0.5625,-0.5492,10.2774,0.0785,-0.3000,8.8900,1.2100,-0.2600,-1.1200,0.1700,75.6875,-0.7500,-85.8750,-0.1300,9.7800,0.7000,-9.8688,-9.6956,0.2059,1.6250
14.8219,GROUND,0.2500,0.0000,9.4928,0.5884,-0.3000,8.8900,1.2100,0.0500,-0.8400,0.1700,75.5000,-0.6250,-86.0000,-0.1100,9.7800,0.6700,-9.4667,-9.7937,0.1175,1.5000
14.8538,GROUND,0.3750,0.0392,9.4536,0.5492,-0.1100,8.8800,1.0400,-0.0100,-0.8900,0.4100,75.2500,-8.5000,-86.3125,-0.0800,9.7800,0.6200,-9.3373,-9.7545,0.1482,1.1875
14.8896,GROUND,1.4375,-0.2746,9.4536,0.1569,-0.3700,9.2800,0.3000,-0.3000,-0.5000,-0.2500,75.1875,-0.3750,-86.6875,-0.0700,9.7900,0.5600,-9.5302,-9.0748,0.8321,0.8125
14.9252,GROUND,1.1875,-0.3138,10.5127,-1.8437,-0.9000,9.9600,-1.6700,-0.8600,0.1700,-2.2300,75.0000,-0.1875,-86.6875,-0.0300,9.7900,0.5600,-10.8404,-9.0235,0.9429,0.8125
14.9583,GROUND,-0.5625,-0.3138,10.0812,-0.9807,0.8700,9.4700,0.9500,0.8900,-0.3100,0.3900,74.9375,-0.0625,-86.6875,-0.0100,9.7900,0.5600,-10.8077,-10.0989,-0.1208,0.8125
14.9920,GROUND,-1.2500,-0.2354,9.6497,0.1961,-0.1900,9.4100,0.9500,-0.1700,-0.3700,0.3900,74.9375,-0.0625,-86.6875,-0.0100,9.7900,0.5600,-10.0679,-10.9421,-0.9705,0.8125
15.0282,GROUND,0.0000,0.0000,9.6105,-0.0785,-0.1400,9.4300,0.4000,0.0200,-0.5600,-0.2000,74.9375,-0.0625,-86.6875,-0.0100,9.7900,0.5600,-9.9547,-10.4503,-0.5030,0.8125
15.0637,GROUND,1.2500,-0.0392,9.8851,-0.1961,-0.1100,9.2300,0.3500,-0.0900,-0.5500,-0.2000,74.9375,-0.0625,-86.6875,-0.0100,9.7900,0.5600,-9.9842,-9.5072,0.4689,0.8125
15.0977,GROUND,0.1250,0.0000,9.8066,0.1177,-0.1100,9.1800,0.6100,-0.1100,-0.6900,0.0000,74.9375,-0.0625,-86.6875,-0.0100,9.7900,0.5600,-9.8017,-9.8592,0.1238,0.8125
15.1337,GROUND,0.0000,0.1569,9.5713,-0.1177,0.0800,9.1400,0.3800,0.0900,-0.6400,-0.1600,74.9375,-0.0625,-86.7500,-0.0100,9.7900,0.5500,-9.8775,-10.0654,-0.0879,0.7500
15.1697,GROUND,-0.6250,0.2354,9.7282,-0.3138,0.2200,9.2700,0.3300,0.2300,-0.5200,-0.2200,74.9375,-0.0625,-86.6875,-0.0100,9.7900,0.5500,-10.0277,-10.5143,-0.5519,0.8125
15.2028,GROUND,0.2500,-1.0199,9.2967,1.2160,-0.3300,9.2400,0.8900,-0.3100,-0.5400,0.3300,74.9375,-0.0625,-86.6875,-0.0100,9.7900,0.5500,-9.1394,-10.1219,-0.1882,0.8125
15.2391,GROUND,0.2500,0.0785,9.7282,0.0785,-0.0200,9.2500,0.1300,-0.0100,-0.5300,-0.4200,74.9375,-0.0625,-86.6875,-0.0100,9.7900,0.5500,-9.5032,-9.9586,-0.0450,0.8125
15.2742,GROUND,-1.1250,-0.2746,9.5321,0.4315,-0.2300,9.1500,0.9300,-0.2200,-0.6300,0.3700,74.9375,-0.0625,-86.6875,-0.0100,9.7900,0.5600,-9.4242,-10.7434,-0.8611,0.8125
15.3106,GROUND,1.6875,0.1569,9.6890,0.1177,0.0300,9.1300,0.4600,0.0400,-0.6500,-0.0800,74.9375,-0.0625,-86.6875,-0.0100,9.7900,0.5500,-9.5874,-9.3113,0.6101,0.8125
15.3441,GROUND,0.3750,0.0000,9.6890,-0.1961,-0.0300,9.1500,0.3600,-0.0100,-0.6300,-0.1900,74.9375,-0.0625,-86.6875,-0.0200,9.7900,0.5600,-9.8441,-9.5961,0.3360,0.8125
15.3800,GROUND,1.0625,-0.4707,9.5321,0.5099,0.0800,9.2300,0.6900,0.1000,-0.5500,0.1300,74.9375,-0.0625,-86.6875,-0.0200,9.7900,0.5600,-9.5056,-9.2702,0.6644,0.8125
15.4161,GROUND,-0.5000,0.0392,9.6105,0.0785,-0.0100,9.1900,0.4700,0.0000,-0.5900,-0.0800,74.9375,-0.0625,-86.6875,-0.0100,9.7900,0.5500,-9.6433,-10.1096,-0.1898,0.8125
15.4504,GROUND,-0.3125,0.0785,9.6890,-0.0785,-0.0200,9.2900,0.3700,0.0000,-0.4900,-0.1800,74.9375,-0.0625,-86.6875,-0.0100,9.7900,0.5500,-9.7927,-10.3056,-0.3977,0.8125
15.4848,GROUND,0.0000,0.1177,9.5321,0.3530,-0.4200,9.0900,0.6600,-0.3900,-0.6900,0.0900,75.0000,-0.1250,-86.6875,-0.0200,9.7900,0.5600,-9.5830,-10.1762,-0.2854,0.8125
15.5209,GROUND,0.3750,0.0785,9.7674,-0.1961,0.1100,9.2300,0.6500,0.1300,-0.5500,0.0900,74.9375,-0.0625,-86.6875,-0.0200,9.7900,0.5500,-9.8423,-9.8837,-0.0064,0.8125
15.5571,GROUND,0.0625,0.0392,9.6497,-0.0785,0.0000,9.2800,0.3600,0.1100,-0.5600,0.0000,74.9375,-0.0625,-86.6875,-0.0200,9.7900,0.5500,-9.8687,-9.9703,-0.0952,0.8125
15.5928,GROUND,-0.3125,0.0392,9.6890,-0.1177,-0.4500,9.1400,0.3700,-0.4300,-0.6400,-0.1800,75.0000,-0.1250,-86.6875,-0.0200,9.7900,0.5600,-9.9031,-10.2363,-0.3710,0.8125
15.6298,GROUND,0.1250,0.0785,9.6890,0.1569,0.1400,9.2900,0.3100,-0.0200,-0.5600,0.1100,75.0000,-0.1250,-86.6875,-0.0200,9.7900,0.5500,-9.7464,-10.0480,-0.1943,0.8125
15.6653,GROUND,-0.5625,0.1177,9.7674,-0.0785,-0.0500,9.2700,0.3700,-0.0300,-0.5100,-0.1800,75.0000,-0.1250,-86.6875,-0.0200,9.7900,0.5500,-9.8321,-10.3963,-0.5574,0.8125
15.7000,GROUND,-0.8125,0.1569,9.8459,0.0000,-0.2500,9.2500,0.4600,-0.4300,-0.6600,0.2600,75.0000,-0.1250,-86.6875,-0.0200,9.7900,0.5600,-9.8164,-10.6722,-0.8578,0.8125
15.7359,GROUND,-0.1875,0.0785,9.6890,-0.0392,0.0600,9.2300,0.6700,0.0800,-0.5500,0.1200,75.0000,-0.1250,-86.6875,-0.0200,9.7900,0.5500,-9.8344,-10.3700,-0.5792,0.8125
15.7721,GROUND,-0.7500,0.0785,9.7674,-0.1177,-0.0700,9.1600,0.6100,-0.0400,-0.6200,0.0500,75.0000,-0.1250,-86.6875,-0.0200,9.7900,0.5600,-9.8900,-10.5949,-0.8234,0.8125
15.8072,GROUND,-0.8125,-0.1569,9.7282,0.1177,-0.0300,9.2200,0.1600,0.0000,-0.5600,-0.3900,75.0000,-0.1250,-86.6875,-0.0200,9.7900,0.5500,-9.7657,-10.7031,-0.9595,0.8125
15.8433,GROUND,0.0000,0.1177,9.6890,0.0000,-0.0300,9.2500,0.3500,-0.0100,-0.5300,-0.2000,75.0000,-0.1250,-86.6875,-0.0200,9.7900,0.5500,-9.7908,-10.2204,-0.4983,0.8125
15.8793,GROUND,0.3750,-0.1177,9.6105,0.3530,-0.0300,9.2400,0.5600,0.0200,-0.5400,-0.2800,75.0000,-0.1250,-86.6875,-0.0200,9.7900,0.5500,-9.5822,-9.8037,-0.0826,0.8125
15.9147,GROUND,-1.0625,0.0785,9.7674,0.0000,0.0500,9.2000,0.4500,0.0800,-0.5800,-0.1000,75.0000,-0.1250,-86.6875,-0.0200,9.7900,0.5500,-9.7210,-10.5159,-0.8266,0.8125
15.9489,GROUND,-1.7500,-0.1177,9.6105,0.1569,-0.0300,9.1900,0.6000,0.0900,-0.5800,-0.0500,75.0000,-0.1250,-86.6875,-0.0200,9.7900,0.5500,-9.6770,-11.1884,-1.5488,0.8125
15.9843,GROUND,-0.6875,0.0392,9.6890,-0.0785,-0.0800,9.1700,0.5600,-0.0500,-0.6100,0.0000,75.0000,-0.1250,-86.6875,-0.0200,9.7900,0.5500,-9.8055,-10.7627,-1.1551,0.8125
16.0200,GROUND,0.0000,0.0392,9.6497,-0.0785,0.0600,9.2200,0.3900,0.0400,-0.5300,-0.2100,75.0000,-0.1250,-86.6875,-0.0200,9.7900,0.5500,-9.8545,-10.1909,-0.5634,0.8125
16.0539,GROUND,-0.2500,0.1569,9.6497,0.0392,-0.2200,9.1700,0.5500,-0.1900,-0.6100,0.0000,75.0000,-0.1250,-86.6875,-0.0200,9.7900,0.5500,-9.8006,-10.1272,-0.5018,0.8125
16.0894,GROUND,0.6875,0.0392,9.6890,-0.0392,0.0000,9.2000,0.3900,0.0500,-0.4900,-0.0800,75.0000,-0.1250,-86.6875,-0.0200,9.7900,0.5500,-9.8284,-9.5283,0.1139,0.8125
16.1250,GROUND,0.5000,0.0000,9.5713,0.0785,-0.0300,9.2500,0.5600,0.0000,-0.5300,0.0000,75.0000,-0.1250,-86.6875,-0.0300,9.7900,0.5500,-9.7664,-9.4302,0.2308,0.8125
16.1604,GROUND,-0.3125,0.0392,9.6890,0.0000,-0.1000,9.2200,0.5600,-0.0900,-0.5900,0.0000,75.0000,-0.1250,-86.6875,-0.0300,9.7900,0.5500,-9.7913,-9.8963,-0.2350,0.8125
16.1951,GROUND,0.6875,0.0000,9.7282,-0.0392,0.0100,9.2600,0.4300,0.0400,-0.5300,-0.1200,75.0000,-0.1250,-86.6875,-0.0300,9.7900,0.5500,-9.8248,-9.4665,0.2154,0.8125
16.2305,GROUND,0.1250,-0.0392,9.6890,0.0000,-0.0600,9.2400,0.5500,0.0000,-0.5500,-0.1000,75.0000,-0.1250,-86.6875,-0.0300,9.7900,0.5500,-9.8136,-9.6601,0.0356,0.8125
16.2650,GROUND,-0.4375,0.0392,9.6497,0.0000,-0.1200,9.2200,0.5100,-0.0900,-0.5600,-0.0300,75.0000,-0.1250,-86.6875,-0.0300,9.7900,0.5500,-9.8093,-10.0699,-0.3819,0.8125
16.2980,GROUND,0.1250,0.0392,9.6890,-0.0392,0.0000,9.2400,0.4300,0.0300,-0.5400,-0.1200,75.0000,-0.1250,-86.7500,-0.0300,9.7900,0.5500,-9.8318,-9.8925,-0.1977,0.7500
16.3340,GROUND,-0.3125,0.0000,9.6497,0.0392,-0.0600,9.2400,0.4800,-0.0300,-0.5400,-0.0600,75.0000,-0.1250,-86.7500,-0.0300,9.7900,0.5500,-9.7920,-10.0927,-0.4027,0.7500
16.3696,GROUND,-0.3125,0.0000,9.6497,0.0000,-0.1200,9.2500,0.5000,-0.0900,-0.5300,-0.0400,75.0000,-0.1250,-86.7500,-0.0300,9.7900,0.5500,-9.8010,-10.1627,-0.4771,0.7500
16.4043,GROUND,-0.4375,0.0392,9.6497,0.0000,-0.0500,9.2200,0.5600,-0.0200,-0.5600,0.0000,75.0000,-0.1250,-86.7500,-0.0300,9.7900,0.5500,-9.8044,-10.2631,-0.5852,0.7500
16.4390,GROUND,-0.1875,0.0392,9.6890,0.0000,-0.0500,9.2700,0.4700,-0.0200,-0.5100,-0.0700,75.0000,-0.1250,-86.7500,-0.0300,9.7900,0.5500,-9.8057,-10.1424,-0.4708,0.7500
16.4746,GROUND,0.5000,-0.0392,9.6890,0.0392,-0.0600,9.2200,0.4700,-0.0300,-0.5600,-0.0700,75.0000,-0.1875,-86.7500,-0.0300,9.7900,0.5500,-9.7819,-9.6795,0.0096,0.7500
16.5092,GROUND,-1.3750,0.0392,9.7282,0.0000,-0.0600,9.2400,0.5400,-0.0300,-0.5400,0.0000,75.0000,-0.1875,-86.7500,-0.0300,9.7900,0.5500,-9.7973,-10.6650,-0.9951,0.7500
16.5453,GROUND,0.0625,0.0000,9.6890,-0.0392,-0.0400,9.2200,0.4400,-0.0100,-0.5600,-0.1100,75.0000,-0.1875,-86.7500,-0.0300,9.7900,0.5500,-9.8271,-10.1148,-0.4732,0.7500
16.5820,GROUND,2.0000,0.0000,9.6890,-0.0392,-0.0400,9.2400,0.4800,-0.0200,-0.5700,-0.0500,75.0625,-0.1875,-86.7500,-0.0300,9.7900,0.5500,-9.8383,-8.7079,0.9533,0.7500
16.6177,GROUND,-0.1250,0.0000,9.7282,0.0392,-0.1000,9.2100,0.5400,-0.0700,-0.5700,0.0000,75.0625,-0.1875,-86.7500,-0.0300,9.7900,0.5500,-9.7946,-9.5100,0.1607,0.7500
16.6519,GROUND,0.6250,0.0000,9.7674,-0.0392,-0.0400,9.1700,0.4500,-0.0400,-0.5900,-0.0400,75.0625,-0.1875,-86.7500,-0.0300,9.7900,0.5500,-9.8262,-9.3686,0.3282,0.7500
16.6870,GROUND,-1.6250,0.0392,9.7282,0.0000,-0.0500,9.2000,0.4800,-0.0100,-0.5800,-0.0700,75.0625,-0.1875,-86.7500,-0.0300,9.7900,0.5500,-9.8143,-10.7114,-1.0318,0.7500
16.7231,GROUND,-1.8750,0.0000,9.6497,0.0000,-0.0900,9.1600,0.5100,-0.0200,-0.5600,-0.0300,75.0625,-0.1875,-86.7500,-0.0300,9.7900,0.5500,-9.8097,-11.3367,-1.7050,0.7500
16.7582,GROUND,0.0000,0.0000,9.6890,0.0000,-0.0800,9.2000,0.5100,-0.0500,-0.5800,-0.0300,75.0625,-0.1875,-86.7500,-0.0300,9.7900,0.5500,-9.8075,-10.3792,-0.7823,0.7500
16.7945,GROUND,-0.5625,0.0000,9.6890,0.0392,-0.0600,9.2500,0.5000,-0.0200,-0.5300,-0.0400,75.0625,-0.1875,-86.7500,-0.0300,9.7900,0.5500,-9.7826,-10.3634,-0.7800,0.7500
16.8294,GROUND,-0.4375,0.0000,9.6497,0.0000,-0.0600,9.2100,0.4700,-0.0300,-0.5700,-0.0700,75.0625,-0.1875,-86.7500,-0.0300,9.7900,0.5500,-9.7974,-10.2728,-0.7028,0.7500
16.8652,GROUND,-1.4375,0.0000,9.6497,0.0000,-0.0300,9.2500,0.5300,0.0000,-0.5300,-0.0200,75.0625,-0.1875,-86.7500,-0.0300,9.7900,0.5500,-9.8032,-10.8274,-1.2945,0.7500
16.8986,GROUND,0.0000,0.0392,9.6497,0.0392,-0.0500,9.2200,0.5000,-0.0200,-0.5600,-0.0400,75.0625,-0.1875,-86.7500,-0.0300,9.7900,0.5500,-9.7808,-10.1528,-0.6231,0.7500
16.9345,GROUND,0.0000,0.0392,9.6890,0.0000,-0.0500,9.2700,0.5100,-0.0200,-0.5200,-0.0300,75.0625,-0.1875,-86.7500,-0.0300,9.7900,0.5500,-9.7967,-9.8967,-0.3650,0.7500
16.9700,GROUND,-0.0625,0.0000,9.6890,0.0000,-0.0600,9.2000,0.5200,-0.0200,-0.5800,-0.0200,75.0625,-0.1875,-86.7500,-0.0300,9.7900,0.5500,-9.8027,-9.8442,-0.3028,0.7500
17.0046,GROUND,-2.3125,0.0392,9.6497,0.0000,-0.0500,9.2400,0.5000,-0.0100,-0.5400,-0.0400,75.0625,-0.1875,-86.7500,-0.0300,9.7900,0.5500,-9.8054,-11.1842,-1.6992,0.7500
17.0432,GROUND,-0.5625,0.0000,9.6890,0.0392,-0.0400,9.2100,0.5200,-0.0300,-0.5500,-0.0600,75.0625,-0.1875,-86.7500,-0.0300,9.7900,0.5500,-9.7817,-10.5428,-1.1445,0.7500
17.0788,GROUND,0.6250,0.0392,9.6890,0.0000,-0.0400,9.2200,0.5100,-0.0100,-0.5600,-0.0300,75.0625,-0.1875,-86.7500,-0.0300,9.7900,0.5500,-9.7968,-9.5456,-0.1676,0.7500
17.1146,GROUND,-0.6250,0.0392,9.7282,0.0000,-0.0700,9.1600,0.5200,-0.0400,-0.6200,-0.0300,75.0625,-0.1875,-86.7500,-0.0300,9.7900,0.5500,-9.8029,-9.9560,-0.5787,0.7500
17.1489,GROUND,-0.1250,0.0000,9.6890,0.0000,-0.0400,9.2100,0.4900,0.0000,-0.5700,-0.0500,75.0625,-0.1875,-86.7500,-0.0300,9.7900,0.5500,-9.8051,-9.8079,-0.4275,0.7500
17.1851,GROUND,-1.0625,0.0000,9.6890,-0.0392,-0.0600,9.2200,0.5000,-0.0300,-0.5600,-0.0400,75.0625,-0.1875,-86.7500,-0.0300,9.7900,0.5500,-9.8303,-10.3282,-0.9593,0.7500
17.2207,GROUND,0.6250,0.0392,9.6890,0.0392,-0.0500,9.2000,0.5100,-0.0200,-0.5800,-0.0400,75.0625,-0.1875,-86.7500,-0.0300,9.7900,0.5500,-9.7912,-9.5000,-0.0939,0.7500
17.2552,GROUND,-0.7500,0.0392,9.7282,0.0000,-0.0600,9.2200,0.4900,-0.0200,-0.5600,-0.0600,75.0625,-0.1875,-86.7500,-0.0300,9.7900,0.5500,-9.8008,-10.0374,-0.6348,0.7500
17.2908,GROUND,-0.8750,0.0000,9.6890,0.0000,-0.0600,9.2000,0.4900,-0.0200,-0.5800,-0.0500,75.0625,-0.1875,-86.7500,-0.0300,9.7900,0.5500,-9.8044,-10.3130,-0.9236,0.7500
17.3272,GROUND,-0.1250,0.0000,9.7282,0.0000,-0.0600,9.2000,0.4800,-0.0300,-0.5800,-0.0600,75.0625,-0.1875,-86.7500,-0.0300,9.7900,0.5500,-9.8056,-9.9405,-0.5587,0.7500
17.3633,GROUND,0.5000,0.0392,9.6890,0.0000,-0.0600,9.1900,0.4900,-0.0100,-0.5600,-0.0200,75.0625,-0.1875,-86.7500,-0.0300,9.7900,0.5500,-9.8061,-9.4238,-0.0224,0.7500
17.3987,GROUND,-0.1875,0.0000,9.6890,0.0392,-0.0500,9.2300,0.4800,-0.0200,-0.5500,-0.0700,75.0625,-0.1875,-86.7500,-0.0300,9.7900,0.5500,-9.7822,-9.6655,-0.2538,0.7500
17.4345,GROUND,0.7500,0.0000,9.6890,0.0000,-0.0500,9.2100,0.5000,0.0000,-0.5300,-0.0600,75.0625,-0.1875,-86.7500,-0.0300,9.7900,0.5500,-9.7971,-9.1945,0.2527,0.7500
17.4694,GROUND,-0.2500,0.0000,9.6890,0.0392,-0.0700,9.2600,0.5100,-0.0400,-0.5200,-0.0400,75.0625,-8.1875,-86.7500,-0.0300,9.7900,0.5500,-9.7788,-9.6351,-0.1813,0.7500
17.5033,GROUND,0.4375,0.0000,9.6890,0.0000,-0.0400,9.2500,0.4900,-0.0300,-0.5300,-0.0400,75.0625,-0.1875,-86.7500,-0.0300,9.7900,0.5500,-9.7959,-9.4019,0.0812,0.7500
17.5387,GROUND,-0.7500,0.0000,9.6497,0.0392,-0.0300,9.2400,0.5000,0.0000,-0.5400,-0.0500,75.0625,-0.1875,-86.7500,-0.0300,9.7900,0.5500,-9.7784,-10.0591,-0.5741,0.7500
17.5757,GROUND,0.6875,0.0392,9.6890,-0.0392,-0.0600,9.2300,0.4900,-0.0200,-0.5400,-0.0400,75.0625,-0.1875,-86.7500,-0.0300,9.7900,0.5500,-9.8199,-9.4141,0.0889,0.7500
17.6110,GROUND,0.2500,0.0000,9.6497,-0.0392,-0.0600,9.2400,0.5100,-0.0300,-0.5400,-0.0400,75.0625,-0.1875,-86.7500,-0.0300,9.7900,0.5500,-9.8359,-9.4569,0.0631,0.7500
17.6470,GROUND,0.7500,0.0000,9.6890,0.0392,-0.0300,9.2700,0.4900,0.0000,-0.5200,-0.0600,75.0625,-0.1875,-86.7500,-0.0300,9.7900,0.5500,-9.7934,-9.1808,0.3722,0.7500
17.6820,GROUND,0.5000,0.0000,9.6497,0.0000,-0.0500,9.2400,0.5300,-0.0200,-0.5400,-0.0200,75.0625,-0.1875,-86.7500,-0.0300,9.7900,0.5500,-9.8015,-9.2494,0.3295,0.7500
17.7178,GROUND,0.3125,0.0392,9.6497,0.0392,-0.0700,9.2600,0.4900,-0.0300,-0.5300,-0.0600,75.0625,-0.1875,-86.7500,-0.0300,9.7900,0.5500,-9.7804,-9.4020,0.2020,0.7500
17.7515,GROUND,0.2500,0.0000,9.7282,0.0000,-0.0500,9.2500,0.4800,-0.0100,-0.5300,-0.0700,75.0625,-0.1875,-86.7500,-0.0300,9.7900,0.5500,-9.7966,-9.5160,0.1038,0.7500
17.7878,GROUND,0.2500,0.0000,9.7282,0.0000,-0.0400,9.2200,0.4900,-0.0100,-0.5600,-0.0500,75.0625,-0.1875,-86.7500,-0.0300,9.7900,0.5500,-9.8027,-9.5653,0.0695,0.7500
17.8233,GROUND,-0.6250,0.0000,9.7282,0.0000,-0.0600,9.2500,0.5000,-0.0300,-0.5300,-0.0500,75.0625,-0.1875,-86.7500,-0.0300,9.7900,0.5500,-9.8052,-10.1184,-0.4926,0.7500
17.8577,GROUND,-1.5000,0.0000,9.6890,0.0392,-0.0700,9.1900,0.5000,-0.0300,-0.5900,-0.0400,75.0625,-0.1875,-86.7500,-0.0300,9.7900,0.5500,-9.7819,-10.8522,-1.2621,0.7500
